ID,Name,Age,averagePoints,averagePoints,Price,position,gamesPlayed,Drafted,Ignored,,,,,,,,,,,,,,,,,,,,,,,,,,
232,Aaron Cadman,21,59.4,59.4,623000,Fwd,23,0,0,,,,,,,,,,,,,,,,,,,,,,,,,,
125,Aaron Naughton,26,71.8,71.8,753000,Fwd,23,0,0,,,,,,,,,,,,,,,,,,,,,,,,,,
86,Adam Cerra,26,95.1,95.1,997000,Mid,19,0,0,,,,,,,,,,,,,,,,,,,,,,,,,,
269,Adam Saad,31,67,67,703000,Def,21,0,0,,,,,,,,,,,,,,,,,,,,,,,,,,
562,Adam Sweid,18,0,0,254000,Mid,0,0,0,,,,,,,,,,,,,,,,,,,,,,,,,,
59,Adam Treloar,32,69.8,69.8,946000,Fwd,4,0,0,,,,,,,,,,,,,,,,,,,,,,,,,,
405,Aidan Corr,31,54.9,54.9,576000,Def,10,0,0,,,,,,,,,,,,,,,,,,,,,,,,,,
735,Aidan Johnson,25,30.8,30.8,275000,Fwd,5,0,0,,,,,,,,,,,,,,,,,,,,,,,,,,
372,Aidan Schubert,18,0,0,262000,Fwd,0,0,0,,,,,,,,,,,,,,,,,,,,,,,,,,
373,Aiden Riddle,20,0,0,230000,Ruck,0,0,0,,,,,,,,,,,,,,,,,,,,,,,,,,
477,Alex Davies,23,63.2,63.2,611000,Mid,5,0,0,,,,,,,,,,,,,,,,,,,,,,,,,,
657,Alex Dodson,19,22,22,230000,Fwd,1,0,0,,,,,,,,,,,,,,,,,,,,,,,,,,
253,Alex Neal-Bullen,30,69.4,69.4,728000,Fwd,23,0,0,,,,,,,,,,,,,,,,,,,,,,,,,,
716,Alex Pearce,30,45.9,45.9,482000,Def,15,0,0,,,,,,,,,,,,,,,,,,,,,,,,,,
337,Aliir Aliir,31,57,57,597000,Def,22,0,0,,,,,,,,,,,,,,,,,,,,,,,,,,
423,Alixzander Tauru,19,42.1,42.1,442000,Def,10,0,0,,,,,,,,,,,,,,,,,,,,,,,,,,
24,Andrew Brayshaw,26,101,101,1060000,Mid,23,0,0,,,,,,,,,,,,,,,,,,,,,,,,,,
136,Andrew McGrath,27,75.3,75.3,786000,Def,22,0,0,,,,,,,,,,,,,,,,,,,,,,,,,,
515,Andy Moniz-Wakefield,22,0,0,384000,Def,0,0,0,,,,,,,,,,,,,,,,,,,,,,,,,,
512,Angus Anderson,22,0,0,230000,Mid,0,0,0,,,,,,,,,,,,,,,,,,,,,,,,,,
285,Angus Clarke,19,61.4,61.4,653000,Def,13,0,0,,,,,,,,,,,,,,,,,,,,,,,,,,
684,Angus Hastie,20,37.2,37.2,379000,Def,9,0,0,,,,,,,,,,,,,,,,,,,,,,,,,,
271,Angus Sheldrick,22,62.1,62.1,651000,Mid,20,0,0,,,,,,,,,,,,,,,,,,,,,,,,,,
670,Anthony Caminiti,22,53.8,53.8,564000,Def,23,0,0,,,,,,,,,,,,,,,,,,,,,,,,,,
739,Archer Day-Wicks,19,33,33,294000,Fwd,5,0,0,,,,,,,,,,,,,,,,,,,,,,,,,,
585,Archer May,21,51.3,51.3,490000,Fwd,7,0,0,,,,,,,,,,,,,,,,,,,,,,,,,,
733,Archer Reid,20,35.7,35.7,375000,Fwd,14,0,0,,,,,,,,,,,,,,,,,,,,,,,,,,
659,Archie Ludowyke,18,0,0,230000,Fwd,0,0,0,,,,,,,,,,,,,,,,,,,,,,,,,,
487,Archie Perkins,23,57.5,57.5,597000,Fwd,20,0,0,,,,,,,,,,,,,,,,,,,,,,,,,,
57,Archie Roberts,20,85.2,85.2,901000,Def,22,0,0,,,,,,,,,,,,,,,,,,,,,,,,,,
730,Arthur Jones,22,20,20,327000,Fwd,4,0,0,,,,,,,,,,,,,,,,,,,,,,,,,,
651,Asher Eastham,19,0,0,230000,Fwd,0,0,0,,,,,,,,,,,,,,,,,,,,,,,,,,
709,Ashton Moir,20,41.9,41.9,426000,Fwd,9,0,0,,,,,,,,,,,,,,,,,,,,,,,,,,
880,Avery Thomas,18,0,0,242000,Def,0,0,0,,,,,,,,,,,,,,,,,,,,,,,,,,
488,Bailey Banfield,27,53,53,556000,Def,20,0,0,,,,,,,,,,,,,,,,,,,,,,,,,,
41,Bailey Dale,29,92,92,965000,Def,23,0,0,,,,,,,,,,,,,,,,,,,,,,,,,,
160,Bailey Humphrey,21,68.7,68.7,717000,Fwd,20,0,0,,,,,,,,,,,,,,,,,,,,,,,,,,
325,Bailey J. Williams,25,52.6,52.6,552000,Fwd,16,0,0,,,,,,,,,,,,,,,,,,,,,,,,,,
551,Bailey Laurie,23,12,12,274000,Fwd,1,0,0,,,,,,,,,,,,,,,,,,,,,,,,,,
609,Bailey Macdonald,21,18.8,18.8,230000,Def,6,0,0,,,,,,,,,,,,,,,,,,,,,,,,,,
382,Bailey Scott,25,44.7,44.7,469000,Mid,12,0,0,,,,,,,,,,,,,,,,,,,,,,,,,,
4,Bailey Smith,25,116.3,116.3,1220000,Mid,20,0,0,,,,,,,,,,,,,,,,,,,,,,,,,,
159,Bailey Williams,28,76.8,76.8,805000,Def,23,0,0,,,,,,,,,,,,,,,,,,,,,,,,,,
222,Bayley Fritsch,29,63.4,63.4,665000,Fwd,22,0,0,,,,,,,,,,,,,,,,,,,,,,,,,,
525,Beau Addinsall,18,0,0,282000,Mid,0,0,0,,,,,,,,,,,,,,,,,,,,,,,,,,
546,Beau McCreery,24,54.2,54.2,568000,Fwd,17,0,0,,,,,,,,,,,,,,,,,,,,,,,,,,
461,Ben Ainsworth,28,57.6,57.6,615000,Fwd,21,0,0,,,,,,,,,,,,,,,,,,,,,,,,,,
584,Ben Camporeale,19,0,0,230000,Mid,0,0,0,,,,,,,,,,,,,,,,,,,,,,,,,,
563,Ben Jepson,24,38,38,291000,Mid,1,0,0,,,,,,,,,,,,,,,,,,,,,,,,,,
141,Ben Keays,29,79.3,79.3,831000,Fwd,23,0,0,,,,,,,,,,,,,,,,,,,,,,,,,,
105,Ben King,25,48.7,48.7,528000,Fwd,22,0,0,,,,,,,,,,,,,,,,,,,,,,,,,,
471,Ben Long,28,62.4,62.4,652000,Fwd,21,0,0,,,,,,,,,,,,,,,,,,,,,,,,,,
800,Ben McKay,28,39,39,409000,Def,10,0,0,,,,,,,,,,,,,,,,,,,,,,,,,,
352,Ben Miller,26,57.8,57.8,607000,Def,23,0,0,,,,,,,,,,,,,,,,,,,,,,,,,,
646,Ben Murphy,19,0,0,230000,Def,0,0,0,,,,,,,,,,,,,,,,,,,,,,,,,,
626,Benny Barrett,19,0,0,230000,Mid,0,0,0,,,,,,,,,,,,,,,,,,,,,,,,,,
518,Billy Cootee,23,0,0,230000,Mid,0,0,0,,,,,,,,,,,,,,,,,,,,,,,,,,
326,Billy Dowling,21,53,53,522000,Fwd,1,0,0,,,,,,,,,,,,,,,,,,,,,,,,,,
704,Billy Frampton,29,42.4,42.4,445000,Def,14,0,0,,,,,,,,,,,,,,,,,,,,,,,,,,
675,Billy Wilson,20,49,49,421000,Def,4,0,0,,,,,,,,,,,,,,,,,,,,,,,,,,
261,Blake Acres,30,73.7,73.7,773000,Mid,19,0,0,,,,,,,,,,,,,,,,,,,,,,,,,,
299,Blake Hardwick,29,62.7,62.7,658000,Def,23,0,0,,,,,,,,,,,,,,,,,,,,,,,,,,
566,Blake Howes,22,43.8,43.8,459000,Def,12,0,0,,,,,,,,,,,,,,,,,,,,,,,,,,
881,Blake Thredgold,18,0,0,250000,Def,0,0,0,,,,,,,,,,,,,,,,,,,,,,,,,,
460,Bo Allan,20,26.7,26.7,246000,Def,6,0,0,,,,,,,,,,,,,,,,,,,,,,,,,,
533,Bobby Hill,26,46.1,46.1,483000,Fwd,14,0,0,,,,,,,,,,,,,,,,,,,,,,,,,,
248,Bodhi Uwland,22,62.9,62.9,662000,Def,22,0,0,,,,,,,,,,,,,,,,,,,,,,,,,,
639,Bodie Ryan,20,0,0,230000,Def,0,0,0,,,,,,,,,,,,,,,,,,,,,,,,,,
507,Brad Close,27,54,54,566000,Fwd,23,0,0,,,,,,,,,,,,,,,,,,,,,,,,,,
131,Bradley Hill,32,74.5,74.5,782000,Fwd,22,0,0,,,,,,,,,,,,,,,,,,,,,,,,,,
276,Brady Hough,22,64.1,64.1,673000,Def,22,0,0,,,,,,,,,,,,,,,,,,,,,,,,,,
511,Braeden Campbell,24,56.6,56.6,594000,Fwd,23,0,0,,,,,,,,,,,,,,,,,,,,,,,,,,
451,Brandon Starcevich,26,45.7,45.7,479000,Def,10,0,0,,,,,,,,,,,,,,,,,,,,,,,,,,
506,Brandon Walker,23,34,34,439000,Def,2,0,0,,,,,,,,,,,,,,,,,,,,,,,,,,
399,Brandon Zerk-Thatcher,27,47.3,47.3,496000,Def,13,0,0,,,,,,,,,,,,,,,,,,,,,,,,,,
582,Brayden Cook,23,30,30,344000,Fwd,3,0,0,,,,,,,,,,,,,,,,,,,,,,,,,,
135,Brayden Fiorini,28,87.2,87.2,900000,Mid,15,0,0,,,,,,,,,,,,,,,,,,,,,,,,,,
578,Brayden George,22,0,0,230000,Fwd,0,0,0,,,,,,,,,,,,,,,,,,,,,,,,,,
210,Brayden Maynard,29,66.4,66.4,696000,Def,18,0,0,,,,,,,,,,,,,,,,,,,,,,,,,,
412,Brennan Cox,27,44.4,44.4,466000,Def,23,0,0,,,,,,,,,,,,,,,,,,,,,,,,,,
168,Brent Daniels,26,47.7,47.7,793000,Fwd,6,0,0,,,,,,,,,,,,,,,,,,,,,,,,,,
15,Brodie Grundy,31,107,107,1122000,Ruck,22,0,0,,,,,,,,,,,,,,,,,,,,,,,,,,
379,Brodie Kemp,24,47.6,47.6,594000,Fwd,5,0,0,,,,,,,,,,,,,,,,,,,,,,,,,,
508,Brody Mihocek,33,58.7,58.7,616000,Fwd,20,0,0,,,,,,,,,,,,,,,,,,,,,,,,,,
559,Brucke Reville,25,43.9,43.9,461000,Mid,10,0,0,,,,,,,,,,,,,,,,,,,,,,,,,,
631,Buku Khamis,25,47.7,47.7,501000,Fwd,14,0,0,,,,,,,,,,,,,,,,,,,,,,,,,,
420,Caiden Cleary,20,47.2,47.2,495000,Fwd,12,0,0,,,,,,,,,,,,,,,,,,,,,,,,,,
113,Caleb Daniel,29,85,85,892000,Def,23,0,0,,,,,,,,,,,,,,,,,,,,,,,,,,
807,Caleb Graham,25,0,0,238000,Def,0,0,0,,,,,,,,,,,,,,,,,,,,,,,,,,
608,Caleb Lewis,22,0,0,230000,Fwd,0,0,0,,,,,,,,,,,,,,,,,,,,,,,,,,
30,Caleb Serong,25,92.4,92.4,970000,Mid,23,0,0,,,,,,,,,,,,,,,,,,,,,,,,,,
198,Caleb Windsor,20,53.9,53.9,565000,Def,17,0,0,,,,,,,,,,,,,,,,,,,,,,,,,,
274,Callum Ah Chee,28,62.5,62.5,656000,Fwd,22,0,0,,,,,,,,,,,,,,,,,,,,,,,,,,
336,Callum Coleman-Jones,26,3,3,607000,Ruck,1,0,0,,,,,,,,,,,,,,,,,,,,,,,,,,
549,Callum M. Brown,25,57.9,57.9,230000,Fwd,21,0,0,,,,,,,,,,,,,,,,,,,,,,,,,,
76,Callum Mills,28,90,90,944000,Def,12,0,0,,,,,,,,,,,,,,,,,,,,,,,,,,
146,Callum Wilkie,29,80.7,80.7,846000,Def,23,0,0,,,,,,,,,,,,,,,,,,,,,,,,,,
695,Calsher Dear,20,42.9,42.9,427000,Fwd,8,0,0,,,,,,,,,,,,,,,,,,,,,,,,,,
281,Cam Mackenzie,22,62.5,62.5,656000,Mid,12,0,0,,,,,,,,,,,,,,,,,,,,,,,,,,
147,Cam Rayner,26,70.1,70.1,736000,Fwd,23,0,0,,,,,,,,,,,,,,,,,,,,,,,,,,
600,Cameron Nairn,18,0,0,274000,Fwd,0,0,0,,,,,,,,,,,,,,,,,,,,,,,,,,
482,Cameron Zurhaar,27,57.6,57.6,605000,Fwd,22,0,0,,,,,,,,,,,,,,,,,,,,,,,,,,
313,Campbell Chesser,22,64.5,64.5,555000,Mid,4,0,0,,,,,,,,,,,,,,,,,,,,,,,,,,
656,Campbell Gray,23,44.7,44.7,370000,Def,3,0,0,,,,,,,,,,,,,,,,,,,,,,,,,,
80,Chad Warner,24,88.1,88.1,924000,Mid,23,0,0,,,,,,,,,,,,,,,,,,,,,,,,,,
463,Changkuoth Jiath,26,53.6,53.6,563000,Def,17,0,0,,,,,,,,,,,,,,,,,,,,,,,,,,
401,Charlie Ballard,26,30,30,384000,Def,1,0,0,,,,,,,,,,,,,,,,,,,,,,,,,,
554,Charlie Banfield,18,0,0,230000,Fwd,0,0,0,,,,,,,,,,,,,,,,,,,,,,,,,,
458,Charlie Cameron,31,53.3,53.3,559000,Fwd,21,0,0,,,,,,,,,,,,,,,,,,,,,,,,,,
369,Charlie Comben,24,47.7,47.7,500000,Def,20,0,0,,,,,,,,,,,,,,,,,,,,,,,,,,
81,Charlie Curnow,29,65.8,65.8,690000,Fwd,18,0,0,,,,,,,,,,,,,,,,,,,,,,,,,,
616,Charlie Edwards,20,0,0,230000,Def,0,0,0,,,,,,,,,,,,,,,,,,,,,,,,,,
650,Charlie Nicholls,19,0,0,230000,Fwd,0,0,0,,,,,,,,,,,,,,,,,,,,,,,,,,
552,Charlie Spargo,26,40.2,40.2,422000,Fwd,10,0,0,,,,,,,,,,,,,,,,,,,,,,,,,,
728,Charlie West,20,19,19,230000,Fwd,1,0,0,,,,,,,,,,,,,,,,,,,,,,,,,,
543,Chayce Jones,26,23.8,23.8,533000,Mid,5,0,0,,,,,,,,,,,,,,,,,,,,,,,,,,
601,Christian Moraes,19,47.4,47.4,497000,Mid,14,0,0,,,,,,,,,,,,,,,,,,,,,,,,,,
25,Christian Petracca,30,90.3,90.3,948000,Fwd,23,0,0,,,,,,,,,,,,,,,,,,,,,,,,,,
55,Christian Salem,30,93,93,975000,Def,23,0,0,,,,,,,,,,,,,,,,,,,,,,,,,,
574,Cillian Bourke,19,0,0,230000,Def,0,0,0,,,,,,,,,,,,,,,,,,,,,,,,,,
620,Cillian Burke,22,0,0,230000,Def,0,0,0,,,,,,,,,,,,,,,,,,,,,,,,,,
479,Clay Hall,20,55,55,577000,Mid,13,0,0,,,,,,,,,,,,,,,,,,,,,,,,,,
60,Clayton Oliver,28,89.7,89.7,941000,Mid,22,0,0,,,,,,,,,,,,,,,,,,,,,,,,,,
550,Cody Anderson,20,0,0,230000,Mid,0,0,0,,,,,,,,,,,,,,,,,,,,,,,,,,
734,Cody Angove,19,42,42,361000,Fwd,4,0,0,,,,,,,,,,,,,,,,,,,,,,,,,,
660,Cody Curtin,18,0,0,230000,Fwd,0,0,0,,,,,,,,,,,,,,,,,,,,,,,,,,
486,Cody Weightman,25,0,0,449000,Fwd,0,0,0,,,,,,,,,,,,,,,,,,,,,,,,,,
36,Colby McKercher,20,78.5,78.5,823000,Def,23,0,0,,,,,,,,,,,,,,,,,,,,,,,,,,
256,Connor Budarick,24,48.8,48.8,506000,Fwd,16,0,0,,,,,,,,,,,,,,,,,,,,,,,,,,
273,Connor Idun,25,72.7,72.7,763000,Def,23,0,0,,,,,,,,,,,,,,,,,,,,,,,,,,
104,Connor Macdonald,23,68,68,714000,Fwd,21,0,0,,,,,,,,,,,,,,,,,,,,,,,,,,
392,Connor O'Sullivan,20,57.5,57.5,603000,Def,22,0,0,,,,,,,,,,,,,,,,,,,,,,,,,,
14,Connor Rozee,26,104.2,104.2,1092000,Def,21,0,0,,,,,,,,,,,,,,,,,,,,,,,,,,
583,Conor McKenna,29,26,26,538000,Fwd,5,0,0,,,,,,,,,,,,,,,,,,,,,,,,,,
262,Conor Nash,27,74.1,74.1,777000,Mid,19,0,0,,,,,,,,,,,,,,,,,,,,,,,,,,
679,Conor Stone,23,50.9,50.9,485000,Def,7,0,0,,,,,,,,,,,,,,,,,,,,,,,,,,
876,Cooper Bell,19,0,0,230000,Fwd,0,0,0,,,,,,,,,,,,,,,,,,,,,,,,,,
184,Cooper Duff-Tytler,18,0,0,338000,Fwd,0,0,0,,,,,,,,,,,,,,,,,,,,,,,,,,
682,Cooper Harvey,21,46.3,46.3,442000,Fwd,7,0,0,,,,,,,,,,,,,,,,,,,,,,,,,,
737,Cooper Hynes,19,27.1,27.1,267000,Fwd,8,0,0,,,,,,,,,,,,,,,,,,,,,,,,,,
254,Cooper Lord,20,60,60,630000,Mid,21,0,0,,,,,,,,,,,,,,,,,,,,,,,,,,
319,Cooper Sharman,25,63.6,63.6,667000,Fwd,21,0,0,,,,,,,,,,,,,,,,,,,,,,,,,,
324,Cooper Simpson,21,41,41,340000,Def,3,0,0,,,,,,,,,,,,,,,,,,,,,,,,,,
590,Cooper Trembath,20,60.3,60.3,500000,Fwd,3,0,0,,,,,,,,,,,,,,,,,,,,,,,,,,
668,Corey Durdin,23,40.5,40.5,425000,Fwd,16,0,0,,,,,,,,,,,,,,,,,,,,,,,,,,
468,Corey Wagner,28,64.2,64.2,674000,Mid,17,0,0,,,,,,,,,,,,,,,,,,,,,,,,,,
569,Corey Warner,22,49.4,49.4,519000,Fwd,14,0,0,,,,,,,,,,,,,,,,,,,,,,,,,,
568,Dan Butler,29,38.8,38.8,414000,Fwd,6,0,0,,,,,,,,,,,,,,,,,,,,,,,,,,
189,Dan Houston,28,66.8,66.8,701000,Def,19,0,0,,,,,,,,,,,,,,,,,,,,,,,,,,
371,Dane Rampe,35,55.5,55.5,582000,Def,21,0,0,,,,,,,,,,,,,,,,,,,,,,,,,,
241,Daniel Annable,18,0,0,330000,Mid,0,0,0,,,,,,,,,,,,,,,,,,,,,,,,,,
211,Daniel Curtin,20,65.2,65.2,684000,Mid,23,0,0,,,,,,,,,,,,,,,,,,,,,,,,,,
618,Daniel McStay,30,56.6,56.6,593000,Fwd,18,0,0,,,,,,,,,,,,,,,,,,,,,,,,,,
229,Daniel Rioli,28,72.4,72.4,747000,Def,17,0,0,,,,,,,,,,,,,,,,,,,,,,,,,,
350,Daniel Turner,24,58.2,58.2,610000,Def,19,0,0,,,,,,,,,,,,,,,,,,,,,,,,,,
245,Dante Visentini,23,53.9,53.9,539000,Ruck,8,0,0,,,,,,,,,,,,,,,,,,,,,,,,,,
528,Darcy Byrne-Jones,30,56.5,56.5,593000,Fwd,22,0,0,,,,,,,,,,,,,,,,,,,,,,,,,,
37,Darcy Cameron,30,102,102,1070000,Ruck,23,0,0,,,,,,,,,,,,,,,,,,,,,,,,,,
368,Darcy Fogarty,26,59.3,59.3,622000,Fwd,22,0,0,,,,,,,,,,,,,,,,,,,,,,,,,,
144,Darcy Fort,32,69.2,69.2,726000,Ruck,17,0,0,,,,,,,,,,,,,,,,,,,,,,,,,,
416,Darcy Gardiner,30,41.6,41.6,437000,Def,14,0,0,,,,,,,,,,,,,,,,,,,,,,,,,,
472,Darcy Jones,21,62.1,62.1,651000,Fwd,22,0,0,,,,,,,,,,,,,,,,,,,,,,,,,,
415,Darcy Moore,30,44.2,44.2,466000,Def,20,0,0,,,,,,,,,,,,,,,,,,,,,,,,,,
73,Darcy Parish,28,85.3,85.3,759000,Mid,3,0,0,,,,,,,,,,,,,,,,,,,,,,,,,,
101,Darcy Wilmot,22,79.6,79.6,835000,Def,23,0,0,,,,,,,,,,,,,,,,,,,,,,,,,,
191,Darcy Wilson,20,63.7,63.7,668000,Fwd,18,0,0,,,,,,,,,,,,,,,,,,,,,,,,,,
801,Darragh Joyce,28,0,0,352000,Def,0,0,0,,,,,,,,,,,,,,,,,,,,,,,,,,
34,Dayne Zorko,37,101.5,101.5,1065000,Def,23,0,0,,,,,,,,,,,,,,,,,,,,,,,,,,
297,Deven Robertson,24,15.5,15.5,232000,Fwd,4,0,0,,,,,,,,,,,,,,,,,,,,,,,,,,
205,Dion Prestia,33,78.8,78.8,827000,Mid,12,0,0,,,,,,,,,,,,,,,,,,,,,,,,,,
385,Dougal Howard,29,57.3,57.3,475000,Def,3,0,0,,,,,,,,,,,,,,,,,,,,,,,,,,
63,Dylan Moore,26,81.8,81.8,858000,Fwd,23,0,0,,,,,,,,,,,,,,,,,,,,,,,,,,
306,Dylan Patterson,18,0,0,334000,Def,0,0,0,,,,,,,,,,,,,,,,,,,,,,,,,,
365,Dylan Stephens,25,63.9,63.9,670000,Mid,22,0,0,,,,,,,,,,,,,,,,,,,,,,,,,,
209,Dyson Sharp,18,0,0,302000,Mid,0,0,0,,,,,,,,,,,,,,,,,,,,,,,,,,
613,Eamonn Armstrong,19,0,0,230000,Def,0,0,0,,,,,,,,,,,,,,,,,,,,,,,,,,
173,Ed Langdon,30,74.2,74.2,778000,Fwd,23,0,0,,,,,,,,,,,,,,,,,,,,,,,,,,
58,Ed Richards,26,96.7,96.7,1014000,Mid,23,0,0,,,,,,,,,,,,,,,,,,,,,,,,,,
498,Edward Allan,21,48.4,48.4,508000,Mid,13,0,0,,,,,,,,,,,,,,,,,,,,,,,,,,
265,Elijah Hewett,21,61,61,639000,Mid,20,0,0,,,,,,,,,,,,,,,,,,,,,,,,,,
446,Elijah Tsatas,21,49.8,49.8,444000,Mid,5,0,0,,,,,,,,,,,,,,,,,,,,,,,,,,
122,Elliot Yeo,32,0,0,667000,Mid,0,0,0,,,,,,,,,,,,,,,,,,,,,,,,,,
678,Elliott Himmelberg,27,0,0,374000,Fwd,0,0,0,,,,,,,,,,,,,,,,,,,,,,,,,,
367,Eric Hipwood,28,54.9,54.9,576000,Fwd,22,0,0,,,,,,,,,,,,,,,,,,,,,,,,,,
12,Errol Gulden,23,102.3,102.3,1073000,Mid,10,0,0,,,,,,,,,,,,,,,,,,,,,,,,,,
403,Esava Ratugolea,27,49.2,49.2,516000,Def,13,0,0,,,,,,,,,,,,,,,,,,,,,,,,,,
440,Ethan Read,20,43,43,453000,Fwd,18,0,0,,,,,,,,,,,,,,,,,,,,,,,,,,
478,Ewan Mackinlay,22,75,75,574000,Mid,1,0,0,,,,,,,,,,,,,,,,,,,,,,,,,,
462,Finlay Macrae,23,0,0,293000,Fwd,0,0,0,,,,,,,,,,,,,,,,,,,,,,,,,,
22,Finn Callaghan,22,99,99,1038000,Mid,20,0,0,,,,,,,,,,,,,,,,,,,,,,,,,,
536,Finn Maginness,25,48.9,48.9,513000,Fwd,13,0,0,,,,,,,,,,,,,,,,,,,,,,,,,,
242,Finn O’Sullivan,19,53.7,53.7,564000,Def,22,0,0,,,,,,,,,,,,,,,,,,,,,,,,,,
427,Finnbar Maley,22,35.7,35.7,341000,Fwd,7,0,0,,,,,,,,,,,,,,,,,,,,,,,,,,
885,Finnegan Davis,19,0,0,230000,Def,0,0,0,,,,,,,,,,,,,,,,,,,,,,,,,,
532,Flynn Young,24,45.6,45.6,450000,Fwd,8,0,0,,,,,,,,,,,,,,,,,,,,,,,,,,
323,Francis Evans,24,58.7,58.7,616000,Fwd,10,0,0,,,,,,,,,,,,,,,,,,,,,,,,,,
592,Fred Rodriguez,18,0,0,230000,Fwd,0,0,0,,,,,,,,,,,,,,,,,,,,,,,,,,
53,George Hewett,30,98.9,98.9,1037000,Mid,23,0,0,,,,,,,,,,,,,,,,,,,,,,,,,,
294,George Stevens,20,52.5,52.5,419000,Mid,2,0,0,,,,,,,,,,,,,,,,,,,,,,,,,,
157,George Wardlaw,21,68,68,713000,Mid,13,0,0,,,,,,,,,,,,,,,,,,,,,,,,,,
408,Griffin Logue,27,47.1,47.1,494000,Def,16,0,0,,,,,,,,,,,,,,,,,,,,,,,,,,
47,Gryan Miers,26,93.8,93.8,984000,Fwd,21,0,0,,,,,,,,,,,,,,,,,,,,,,,,,,
504,Hamish Davis,19,43,43,424000,Mid,8,0,0,,,,,,,,,,,,,,,,,,,,,,,,,,
535,Harley Barker,18,0,0,258000,Mid,0,0,0,,,,,,,,,,,,,,,,,,,,,,,,,,
100,Harley Reid,20,66.7,66.7,700000,Mid,19,0,0,,,,,,,,,,,,,,,,,,,,,,,,,,
181,Harris Andrews,29,62.2,62.2,653000,Def,23,0,0,,,,,,,,,,,,,,,,,,,,,,,,,,
561,Harrison Jones,24,50,50,523000,Fwd,7,0,0,,,,,,,,,,,,,,,,,,,,,,,,,,
694,Harrison Oliver,19,0,0,230000,Def,0,0,0,,,,,,,,,,,,,,,,,,,,,,,,,,
666,Harrison Petty,26,48.1,48.1,505000,Fwd,19,0,0,,,,,,,,,,,,,,,,,,,,,,,,,,
862,Harrison Ramm,19,35,35,268000,Def,1,0,0,,,,,,,,,,,,,,,,,,,,,,,,,,
726,Harry Armstrong,19,32.4,32.4,319000,Fwd,8,0,0,,,,,,,,,,,,,,,,,,,,,,,,,,
335,Harry Barnett,22,0,0,230000,Ruck,0,0,0,,,,,,,,,,,,,,,,,,,,,,,,,,
711,Harry Charleson,19,0,0,230000,Def,0,0,0,,,,,,,,,,,,,,,,,,,,,,,,,,
395,Harry Cunningham,32,57.8,57.8,607000,Def,11,0,0,,,,,,,,,,,,,,,,,,,,,,,,,,
746,Harry Dean,18,0,0,342000,Def,0,0,0,,,,,,,,,,,,,,,,,,,,,,,,,,
522,Harry DeMattia,20,0,0,230000,Mid,0,0,0,,,,,,,,,,,,,,,,,,,,,,,,,,
413,Harry Edwards,25,41.2,41.2,432000,Def,16,0,0,,,,,,,,,,,,,,,,,,,,,,,,,,
201,Harry Himmelberg,29,78.2,78.2,820000,Def,23,0,0,,,,,,,,,,,,,,,,,,,,,,,,,,
603,Harry Kyle,18,0,0,298000,Def,0,0,0,,,,,,,,,,,,,,,,,,,,,,,,,,
103,Harry McKay,28,78.3,78.3,821000,Fwd,12,0,0,,,,,,,,,,,,,,,,,,,,,,,,,,
295,Harry Morrison,27,70.9,70.9,744000,Mid,20,0,0,,,,,,,,,,,,,,,,,,,,,,,,,,
363,Harry O’Farrell,19,47,47,434000,Def,6,0,0,,,,,,,,,,,,,,,,,,,,,,,,,,
287,Harry Perryman,27,63,63,660000,Def,23,0,0,,,,,,,,,,,,,,,,,,,,,,,,,,
268,Harry Rowston,21,51.9,51.9,544000,Mid,10,0,0,,,,,,,,,,,,,,,,,,,,,,,,,,
322,Harry Schoenberg,25,23,23,320000,Mid,1,0,0,,,,,,,,,,,,,,,,,,,,,,,,,,
696,Harry Sharp,23,30.6,30.6,321000,Fwd,18,0,0,,,,,,,,,,,,,,,,,,,,,,,,,,
2,Harry Sheezel,21,109.2,109.2,1145000,Fwd,23,0,0,,,,,,,,,,,,,,,,,,,,,,,,,,
519,Harvey Gallagher,22,41.8,41.8,489000,Def,5,0,0,,,,,,,,,,,,,,,,,,,,,,,,,,
314,Harvey Harrison,22,0,0,300000,Fwd,0,0,0,,,,,,,,,,,,,,,,,,,,,,,,,,
707,Harvey Johnston,20,0,0,230000,Def,0,0,0,,,,,,,,,,,,,,,,,,,,,,,,,,
174,Harvey Langford,19,62.7,62.7,658000,Mid,22,0,0,,,,,,,,,,,,,,,,,,,,,,,,,,
424,Harvey Thomas,20,51.2,51.2,537000,Fwd,17,0,0,,,,,,,,,,,,,,,,,,,,,,,,,,
530,Hayden McLean,27,52.3,52.3,548000,Fwd,19,0,0,,,,,,,,,,,,,,,,,,,,,,,,,,
92,Hayden Young,24,62.5,62.5,916000,Mid,8,0,0,,,,,,,,,,,,,,,,,,,,,,,,,,
359,Heath Chapman,24,53.6,53.6,562000,Def,22,0,0,,,,,,,,,,,,,,,,,,,,,,,,,,
305,Henry Hustwaite,21,51.5,51.5,443000,Mid,4,0,0,,,,,,,,,,,,,,,,,,,,,,,,,,
722,Henry Smith,23,42,42,335000,Fwd,2,0,0,,,,,,,,,,,,,,,,,,,,,,,,,,
701,Hudson O'Keeffe,21,38.4,38.4,342000,Fwd,5,0,0,,,,,,,,,,,,,,,,,,,,,,,,,,
688,Hugh Bond,21,30,30,313000,Def,4,0,0,,,,,,,,,,,,,,,,,,,,,,,,,,
419,Hugh Boxshall,19,54.9,54.9,576000,Mid,11,0,0,,,,,,,,,,,,,,,,,,,,,,,,,,
851,Hugh Davies,21,0,0,230000,Def,0,0,0,,,,,,,,,,,,,,,,,,,,,,,,,,
28,Hugh McCluggage,27,102.2,102.2,1072000,Mid,23,0,0,,,,,,,,,,,,,,,,,,,,,,,,,,
249,Hugo Garcia,20,65.5,65.5,687000,Mid,17,0,0,,,,,,,,,,,,,,,,,,,,,,,,,,
527,Hugo Mikunda,18,0,0,230000,Fwd,0,0,0,,,,,,,,,,,,,,,,,,,,,,,,,,
476,Hugo Ralphsmith,24,56.7,56.7,594000,Mid,12,0,0,,,,,,,,,,,,,,,,,,,,,,,,,,
220,Hunter Clark,26,61.4,61.4,644000,Mid,13,0,0,,,,,,,,,,,,,,,,,,,,,,,,,,
523,Hunter Holmes,19,0,0,230000,Mid,0,0,0,,,,,,,,,,,,,,,,,,,,,,,,,,
649,Hussien El Achkar,18,0,0,230000,Fwd,0,0,0,,,,,,,,,,,,,,,,,,,,,,,,,,
264,Iliro Smit,20,0,0,230000,Ruck,0,0,0,,,,,,,,,,,,,,,,,,,,,,,,,,
632,Indy Cotton,18,0,0,230000,Fwd,0,0,0,,,,,,,,,,,,,,,,,,,,,,,,,,
307,Isaac Cumming,27,61.4,61.4,644000,Mid,22,0,0,,,,,,,,,,,,,,,,,,,,,,,,,,
49,Isaac Heeney,29,96.9,96.9,1016000,Mid,23,0,0,,,,,,,,,,,,,,,,,,,,,,,,,,
434,Isaac Kako,19,45.9,45.9,493000,Fwd,22,0,0,,,,,,,,,,,,,,,,,,,,,,,,,,
723,Isaac Keeler,21,36.7,36.7,384000,Fwd,11,0,0,,,,,,,,,,,,,,,,,,,,,,,,,,
362,Isaac Quaynor,26,60,60,630000,Def,23,0,0,,,,,,,,,,,,,,,,,,,,,,,,,,
636,Isaiah Dudley,22,36.7,36.7,385000,Fwd,15,0,0,,,,,,,,,,,,,,,,,,,,,,,,,,
199,Ivan Soldo,29,26,26,555000,Fwd,1,0,0,,,,,,,,,,,,,,,,,,,,,,,,,,
40,Izak Rankine,25,87.2,87.2,915000,Fwd,22,0,0,,,,,,,,,,,,,,,,,,,,,,,,,,
296,Jack Bowes,28,58.8,58.8,617000,Mid,18,0,0,,,,,,,,,,,,,,,,,,,,,,,,,,
383,Jack Buckley,28,55.2,55.2,579000,Def,19,0,0,,,,,,,,,,,,,,,,,,,,,,,,,,
721,Jack Buller,24,47.2,47.2,481000,Fwd,9,0,0,,,,,,,,,,,,,,,,,,,,,,,,,,
457,Jack Carroll,23,21,21,332000,Mid,3,0,0,,,,,,,,,,,,,,,,,,,,,,,,,,
202,Jack Crisp,32,84.2,84.2,883000,Mid,23,0,0,,,,,,,,,,,,,,,,,,,,,,,,,,
588,Jack Dalton,18,0,0,230000,Mid,0,0,0,,,,,,,,,,,,,,,,,,,,,,,,,,
509,Jack Darling,33,51.1,51.1,536000,Fwd,22,0,0,,,,,,,,,,,,,,,,,,,,,,,,,,
151,Jack Ginnivan,23,75.3,75.3,790000,Fwd,22,0,0,,,,,,,,,,,,,,,,,,,,,,,,,,
82,Jack Graham,27,82.7,82.7,867000,Fwd,18,0,0,,,,,,,,,,,,,,,,,,,,,,,,,,
119,Jack Gunston,34,74.1,74.1,777000,Fwd,20,0,0,,,,,,,,,,,,,,,,,,,,,,,,,,
589,Jack Henderson,26,41.4,41.4,369000,Fwd,5,0,0,,,,,,,,,,,,,,,,,,,,,,,,,,
355,Jack Henry,27,60.2,60.2,632000,Def,18,0,0,,,,,,,,,,,,,,,,,,,,,,,,,,
496,Jack Higgins,26,52,52,545000,Fwd,23,0,0,,,,,,,,,,,,,,,,,,,,,,,,,,
402,Jack Hutchinson,24,58.5,58.5,614000,Mid,16,0,0,,,,,,,,,,,,,,,,,,,,,,,,,,
596,Jack Ison,18,0,0,230000,Mid,0,0,0,,,,,,,,,,,,,,,,,,,,,,,,,,
316,Jack Lukosius,25,47.3,47.3,585000,Fwd,7,0,0,,,,,,,,,,,,,,,,,,,,,,,,,,
116,Jack Macrae,31,90.9,90.9,954000,Mid,21,0,0,,,,,,,,,,,,,,,,,,,,,,,,,,
309,Jack Martin,31,73,73,766000,Fwd,10,0,0,,,,,,,,,,,,,,,,,,,,,,,,,,
587,Jack Ough,19,0,0,230000,Mid,0,0,0,,,,,,,,,,,,,,,,,,,,,,,,,,
342,Jack Payne,26,54.2,54.2,569000,Def,13,0,0,,,,,,,,,,,,,,,,,,,,,,,,,,
163,Jack Ross,25,72.9,72.9,767000,Fwd,23,0,0,,,,,,,,,,,,,,,,,,,,,,,,,,
345,Jack Scrimshaw,27,53.8,53.8,564000,Def,13,0,0,,,,,,,,,,,,,,,,,,,,,,,,,,
302,Jack Silvagni,28,64.8,64.8,680000,Def,13,0,0,,,,,,,,,,,,,,,,,,,,,,,,,,
26,Jack Sinclair,31,100.8,100.8,1057000,Def,23,0,0,,,,,,,,,,,,,,,,,,,,,,,,,,
21,Jack Steele,30,95.9,95.9,1006000,Mid,21,0,0,,,,,,,,,,,,,,,,,,,,,,,,,,
98,Jack Viney,31,88.4,88.4,927000,Mid,18,0,0,,,,,,,,,,,,,,,,,,,,,,,,,,
567,Jack Watkins,25,0,0,230000,Mid,0,0,0,,,,,,,,,,,,,,,,,,,,,,,,,,
719,Jack Whitlock,19,42.8,42.8,368000,Fwd,4,0,0,,,,,,,,,,,,,,,,,,,,,,,,,,
556,Jack Williams,22,46.2,46.2,485000,Fwd,13,0,0,,,,,,,,,,,,,,,,,,,,,,,,,,
465,Jackson Archer,23,27,27,363000,Def,3,0,0,,,,,,,,,,,,,,,,,,,,,,,,,,
464,Jackson Mead,24,51.3,51.3,538000,Mid,20,0,0,,,,,,,,,,,,,,,,,,,,,,,,,,
258,Jacob Farrow,18,0,0,314000,Def,0,0,0,,,,,,,,,,,,,,,,,,,,,,,,,,
128,Jacob Hopper,29,84.3,84.3,884000,Mid,23,0,0,,,,,,,,,,,,,,,,,,,,,,,,,,
655,Jacob Konstanty,21,43.4,43.4,457000,Fwd,23,0,0,,,,,,,,,,,,,,,,,,,,,,,,,,
377,Jacob Molier,19,0,0,230000,Ruck,0,0,0,,,,,,,,,,,,,,,,,,,,,,,,,,
888,Jacob Moss,21,0,0,230000,Def,0,0,0,,,,,,,,,,,,,,,,,,,,,,,,,,
727,Jacob Newton,19,24,24,230000,Fwd,2,0,0,,,,,,,,,,,,,,,,,,,,,,,,,,
502,Jacob van Rooyen,22,53.7,53.7,563000,Fwd,16,0,0,,,,,,,,,,,,,,,,,,,,,,,,,,
435,Jacob Wehr,27,52.3,52.3,548000,Def,14,0,0,,,,,,,,,,,,,,,,,,,,,,,,,,
330,Jacob Weitering,28,61.5,61.5,645000,Def,23,0,0,,,,,,,,,,,,,,,,,,,,,,,,,,
505,Jade Gresham,28,53.6,53.6,563000,Fwd,19,0,0,,,,,,,,,,,,,,,,,,,,,,,,,,
445,Jaeger O'Meara,32,63.2,63.2,663000,Mid,13,0,0,,,,,,,,,,,,,,,,,,,,,,,,,,
110,Jagga Smith,20,0,0,230000,Mid,0,0,0,,,,,,,,,,,,,,,,,,,,,,,,,,
312,Jai Culley,23,59.8,59.8,514000,Mid,4,0,0,,,,,,,,,,,,,,,,,,,,,,,,,,
514,Jai Murray,18,0,0,286000,Mid,0,0,0,,,,,,,,,,,,,,,,,,,,,,,,,,
71,Jai Newcombe,24,86.4,86.4,907000,Mid,23,0,0,,,,,,,,,,,,,,,,,,,,,,,,,,
662,Jai Saxena,18,0,0,230000,Fwd,0,0,0,,,,,,,,,,,,,,,,,,,,,,,,,,
317,Jai Serong,23,0,0,274000,Def,0,0,0,,,,,,,,,,,,,,,,,,,,,,,,,,
237,Jaime Uhr-Henry,22,0,0,230000,Ruck,0,0,0,,,,,,,,,,,,,,,,,,,,,,,,,,
111,Jake Bowey,23,86.4,86.4,907000,Def,23,0,0,,,,,,,,,,,,,,,,,,,,,,,,,,
388,Jake Kolodjashnij,30,0,0,434000,Def,0,0,0,,,,,,,,,,,,,,,,,,,,,,,,,,
343,Jake Lever,29,52.3,52.3,553000,Def,8,0,0,,,,,,,,,,,,,,,,,,,,,,,,,,
193,Jake Lloyd,32,84.1,84.1,883000,Mid,22,0,0,,,,,,,,,,,,,,,,,,,,,,,,,,
537,Jake Melksham,34,54.5,54.5,571000,Fwd,19,0,0,,,,,,,,,,,,,,,,,,,,,,,,,,
233,Jake Riccardi,26,68.2,68.2,715000,Fwd,19,0,0,,,,,,,,,,,,,,,,,,,,,,,,,,
738,Jake Rogers,20,28.3,28.3,362000,Fwd,8,0,0,,,,,,,,,,,,,,,,,,,,,,,,,,
134,Jake Soligo,23,82.8,82.8,868000,Mid,23,0,0,,,,,,,,,,,,,,,,,,,,,,,,,,
526,Jake Stringer,31,53.5,53.5,561000,Fwd,14,0,0,,,,,,,,,,,,,,,,,,,,,,,,,,
177,Jake Waterman,27,60.9,60.9,755000,Fwd,8,0,0,,,,,,,,,,,,,,,,,,,,,,,,,,
605,Jakob Ryan,21,0,0,230000,Def,0,0,0,,,,,,,,,,,,,,,,,,,,,,,,,,
218,Jamarra Ugle-Hagan,23,0,0,458000,Fwd,0,0,0,,,,,,,,,,,,,,,,,,,,,,,,,,
715,James Barrat,19,0,0,230000,Fwd,0,0,0,,,,,,,,,,,,,,,,,,,,,,,,,,
820,James Blanck,25,0,0,230000,Def,0,0,0,,,,,,,,,,,,,,,,,,,,,,,,,,
814,James Borlase,23,27,27,379000,Def,2,0,0,,,,,,,,,,,,,,,,,,,,,,,,,,
303,James Harmes,30,66.8,66.8,701000,Mid,13,0,0,,,,,,,,,,,,,,,,,,,,,,,,,,
448,James Jordon,25,56.9,56.9,597000,Mid,23,0,0,,,,,,,,,,,,,,,,,,,,,,,,,,
441,James Leake,20,31.7,31.7,262000,Fwd,3,0,0,,,,,,,,,,,,,,,,,,,,,,,,,,
673,James O'Donnell,23,45.8,45.8,480000,Def,22,0,0,,,,,,,,,,,,,,,,,,,,,,,,,,
250,James Peatling,25,77.5,77.5,815000,Mid,21,0,0,,,,,,,,,,,,,,,,,,,,,,,,,,
216,James Rowbottom,25,78.7,78.7,824000,Mid,23,0,0,,,,,,,,,,,,,,,,,,,,,,,,,,
130,James Sicily,31,79.1,79.1,830000,Def,20,0,0,,,,,,,,,,,,,,,,,,,,,,,,,,
474,James Trezise,23,46.4,46.4,487000,Mid,16,0,0,,,,,,,,,,,,,,,,,,,,,,,,,,
689,James Tunstill,22,30.7,30.7,254000,Mid,3,0,0,,,,,,,,,,,,,,,,,,,,,,,,,,
203,James Worpel,27,73.8,73.8,775000,Mid,18,0,0,,,,,,,,,,,,,,,,,,,,,,,,,,
497,Jamie Cripps,33,58.4,58.4,610000,Fwd,21,0,0,,,,,,,,,,,,,,,,,,,,,,,,,,
155,Jamie Elliott,33,67.8,67.8,711000,Fwd,23,0,0,,,,,,,,,,,,,,,,,,,,,,,,,,
606,Jaren Carr,22,0,0,230000,Fwd,0,0,0,,,,,,,,,,,,,,,,,,,,,,,,,,
180,Jarman Impey,30,77.2,77.2,810000,Def,21,0,0,,,,,,,,,,,,,,,,,,,,,,,,,,
139,Jarrod Berry,28,85,85,892000,Mid,21,0,0,,,,,,,,,,,,,,,,,,,,,,,,,,
52,Jarrod Witts,33,92.9,92.9,969000,Ruck,21,0,0,,,,,,,,,,,,,,,,,,,,,,,,,,
178,Jase Burgoyne,22,74.1,74.1,778000,Def,20,0,0,,,,,,,,,,,,,,,,,,,,,,,,,,
85,Jason Horne-Francis,22,82.2,82.2,862000,Mid,15,0,0,,,,,,,,,,,,,,,,,,,,,,,,,,
83,Jaspa Fletcher,22,83,83,871000,Def,23,0,0,,,,,,,,,,,,,,,,,,,,,,,,,,
669,Jasper Alger,19,22.5,22.5,230000,Fwd,4,0,0,,,,,,,,,,,,,,,,,,,,,,,,,,
349,Jaxon Prior,24,62.7,62.7,655000,Def,22,0,0,,,,,,,,,,,,,,,,,,,,,,,,,,
693,Jay Polkinghorne,19,0,0,230000,Fwd,0,0,0,,,,,,,,,,,,,,,,,,,,,,,,,,
331,Jayden Laverde,29,67.2,67.2,689000,Def,13,0,0,,,,,,,,,,,,,,,,,,,,,,,,,,
844,Jayden Nguyen,19,34.8,34.8,314000,Def,4,0,0,,,,,,,,,,,,,,,,,,,,,,,,,,
97,Jayden Short,30,87,87,913000,Def,15,0,0,,,,,,,,,,,,,,,,,,,,,,,,,,
852,Jed Adams,21,27,27,230000,Def,1,0,0,,,,,,,,,,,,,,,,,,,,,,,,,,
637,Jed Bews,32,60.8,60.8,523000,Def,4,0,0,,,,,,,,,,,,,,,,,,,,,,,,,,
717,Jed Walter,20,37.9,37.9,397000,Fwd,16,0,0,,,,,,,,,,,,,,,,,,,,,,,,,,
397,Jedd Busslinger,21,36.4,36.4,348000,Def,7,0,0,,,,,,,,,,,,,,,,,,,,,,,,,,
62,Jeremy Cameron,32,83.7,83.7,877000,Fwd,23,0,0,,,,,,,,,,,,,,,,,,,,,,,,,,
341,Jeremy Howe,35,51.9,51.9,544000,Def,18,0,0,,,,,,,,,,,,,,,,,,,,,,,,,,
444,Jeremy Sharp,24,48.1,48.1,505000,Mid,14,0,0,,,,,,,,,,,,,,,,,,,,,,,,,,
658,Jesse Dattoli,19,33,33,273000,Fwd,3,0,0,,,,,,,,,,,,,,,,,,,,,,,,,,
133,Jesse Hogan,31,65.3,65.3,685000,Fwd,15,0,0,,,,,,,,,,,,,,,,,,,,,,,,,,
598,Jesse Mellor,18,0,0,230000,Fwd,0,0,0,,,,,,,,,,,,,,,,,,,,,,,,,,
470,Jesse Motlop,22,50.8,50.8,533000,Fwd,23,0,0,,,,,,,,,,,,,,,,,,,,,,,,,,
541,Jevan Phillipou,18,0,0,230000,Mid,0,0,0,,,,,,,,,,,,,,,,,,,,,,,,,,
524,Jhye Clark,21,38.3,38.3,451000,Mid,7,0,0,,,,,,,,,,,,,,,,,,,,,,,,,,
615,Jobe Shanahan,19,47.9,47.9,487000,Fwd,9,0,0,,,,,,,,,,,,,,,,,,,,,,,,,,
425,Joe Berry,19,39.6,39.6,415000,Fwd,12,0,0,,,,,,,,,,,,,,,,,,,,,,,,,,
439,Joe Fonti,21,49.7,49.7,521000,Def,16,0,0,,,,,,,,,,,,,,,,,,,,,,,,,,
334,Joe Pike,20,0,0,230000,Ruck,0,0,0,,,,,,,,,,,,,,,,,,,,,,,,,,
503,Joe Richards,26,65.3,65.3,685000,Fwd,22,0,0,,,,,,,,,,,,,,,,,,,,,,,,,,
485,Joel Amartey,26,54.1,54.1,534000,Fwd,8,0,0,,,,,,,,,,,,,,,,,,,,,,,,,,
634,Joel Cochran,19,0,0,230000,Def,0,0,0,,,,,,,,,,,,,,,,,,,,,,,,,,
106,Joel Freijah,20,71.3,71.3,748000,Fwd,23,0,0,,,,,,,,,,,,,,,,,,,,,,,,,,
775,Joel Hamling,32,33.1,33.1,348000,Def,14,0,0,,,,,,,,,,,,,,,,,,,,,,,,,,
190,Joel Jeffrey,23,76.4,76.4,794000,Def,22,0,0,,,,,,,,,,,,,,,,,,,,,,,,,,
70,John Noble,28,90.7,90.7,953000,Def,22,0,0,,,,,,,,,,,,,,,,,,,,,,,,,,
422,Jonty Faull,20,35.3,35.3,370000,Fwd,16,0,0,,,,,,,,,,,,,,,,,,,,,,,,,,
647,Jordan Boyd,27,32.7,32.7,485000,Def,3,0,0,,,,,,,,,,,,,,,,,,,,,,,,,,
44,Jordan Clark,25,90.2,90.2,946000,Def,23,0,0,,,,,,,,,,,,,,,,,,,,,,,,,,
557,Jordan Croft,20,60,60,478000,Fwd,2,0,0,,,,,,,,,,,,,,,,,,,,,,,,,,
13,Jordan Dawson,28,110.2,110.2,1156000,Mid,23,0,0,,,,,,,,,,,,,,,,,,,,,,,,,,
142,Jordan De Goey,29,52.7,52.7,812000,Fwd,9,0,0,,,,,,,,,,,,,,,,,,,,,,,,,,
117,Jordan Ridley,27,63.2,63.2,663000,Def,10,0,0,,,,,,,,,,,,,,,,,,,,,,,,,,
804,Jordon Butts,26,26.3,26.3,276000,Def,10,0,0,,,,,,,,,,,,,,,,,,,,,,,,,,
102,Jordon Sweet,28,81.4,81.4,854000,Ruck,19,0,0,,,,,,,,,,,,,,,,,,,,,,,,,,
740,Josaia Delana,19,28,28,232000,Fwd,3,0,0,,,,,,,,,,,,,,,,,,,,,,,,,,
284,Josh Battle,27,70.3,70.3,737000,Def,23,0,0,,,,,,,,,,,,,,,,,,,,,,,,,,
32,Josh Daicos,27,94.2,94.2,988000,Def,23,0,0,,,,,,,,,,,,,,,,,,,,,,,,,,
743,Josh Dolan,19,27.5,27.5,288000,Fwd,11,0,0,,,,,,,,,,,,,,,,,,,,,,,,,,
11,Josh Dunkley,29,107.5,107.5,1128000,Mid,23,0,0,,,,,,,,,,,,,,,,,,,,,,,,,,
835,Josh Gibcus,22,25,25,230000,Def,1,0,0,,,,,,,,,,,,,,,,,,,,,,,,,,
393,Josh Goater,22,0,0,235000,Def,0,0,0,,,,,,,,,,,,,,,,,,,,,,,,,,
259,Josh Kelly,31,80.9,80.9,848000,Mid,14,0,0,,,,,,,,,,,,,,,,,,,,,,,,,,
683,Josh Lai,20,0,0,230000,Mid,0,0,0,,,,,,,,,,,,,,,,,,,,,,,,,,
156,Josh Lindsay,18,0,0,278000,Def,0,0,0,,,,,,,,,,,,,,,,,,,,,,,,,,
118,Josh Rachele,22,62.8,62.8,655000,Fwd,13,0,0,,,,,,,,,,,,,,,,,,,,,,,,,,
538,Josh Sinn,23,45.4,45.4,476000,Def,20,0,0,,,,,,,,,,,,,,,,,,,,,,,,,,
450,Josh Smillie,19,0,0,230000,Mid,0,0,0,,,,,,,,,,,,,,,,,,,,,,,,,,
158,Josh Treacy,23,62.7,62.7,658000,Fwd,23,0,0,,,,,,,,,,,,,,,,,,,,,,,,,,
192,Josh Ward,22,75.9,75.9,796000,Mid,22,0,0,,,,,,,,,,,,,,,,,,,,,,,,,,
176,Josh Weddle,21,69.7,69.7,731000,Def,15,0,0,,,,,,,,,,,,,,,,,,,,,,,,,,
108,Josh Worrell,24,75.2,75.2,790000,Def,23,0,0,,,,,,,,,,,,,,,,,,,,,,,,,,
848,Joshua Draper,22,31.5,31.5,330000,Def,11,0,0,,,,,,,,,,,,,,,,,,,,,,,,,,
293,Judd McVee,22,54.5,54.5,571000,Def,17,0,0,,,,,,,,,,,,,,,,,,,,,,,,,,
642,Judson Clarke,22,0,0,230000,Fwd,0,0,0,,,,,,,,,,,,,,,,,,,,,,,,,,
107,Justin McInerney,25,78.6,78.6,824000,Fwd,17,0,0,,,,,,,,,,,,,,,,,,,,,,,,,,
621,Jy Farrar,29,64.4,64.4,565000,Fwd,5,0,0,,,,,,,,,,,,,,,,,,,,,,,,,,
69,Jy Simpkin,27,83.1,83.1,872000,Fwd,21,0,0,,,,,,,,,,,,,,,,,,,,,,,,,,
417,Jye Amiss,22,41,41,430000,Fwd,23,0,0,,,,,,,,,,,,,,,,,,,,,,,,,,
31,Jye Caldwell,25,103.6,103.6,1087000,Mid,11,0,0,,,,,,,,,,,,,,,,,,,,,,,,,,
270,Kade Chandler,26,68.7,68.7,720000,Fwd,23,0,0,,,,,,,,,,,,,,,,,,,,,,,,,,
426,Kai Lohmann,22,46.3,46.3,486000,Fwd,14,0,0,,,,,,,,,,,,,,,,,,,,,,,,,,
196,Kalani White,18,0,0,230000,Fwd,0,0,0,,,,,,,,,,,,,,,,,,,,,,,,,,
396,Kaleb Smith,21,42.4,42.4,418000,Def,8,0,0,,,,,,,,,,,,,,,,,,,,,,,,,,
154,Kane Farrell,26,78,78,818000,Def,21,0,0,,,,,,,,,,,,,,,,,,,,,,,,,,
257,Kane McAuliffe,20,73.6,73.6,656000,Mid,5,0,0,,,,,,,,,,,,,,,,,,,,,,,,,,
78,Karl Amon,30,88.6,88.6,930000,Def,22,0,0,,,,,,,,,,,,,,,,,,,,,,,,,,
390,Karl Worner,23,55.2,55.2,579000,Def,22,0,0,,,,,,,,,,,,,,,,,,,,,,,,,,
374,Kayle Gerreyn,19,0,0,230000,Ruck,0,0,0,,,,,,,,,,,,,,,,,,,,,,,,,,
120,Keidean Coleman,25,73,73,559000,Def,1,0,0,,,,,,,,,,,,,,,,,,,,,,,,,,
663,Keighton Matofai-Forbes,20,0,0,230000,Fwd,0,0,0,,,,,,,,,,,,,,,,,,,,,,,,,,
95,Kieren Briggs,26,70.4,70.4,738000,Ruck,19,0,0,,,,,,,,,,,,,,,,,,,,,,,,,,
628,Kobe McDonald,18,0,0,230000,Def,0,0,0,,,,,,,,,,,,,,,,,,,,,,,,,,
548,Koby Coulson,18,0,0,230000,Mid,0,0,0,,,,,,,,,,,,,,,,,,,,,,,,,,
572,Koby Evans,18,0,0,230000,Mid,0,0,0,,,,,,,,,,,,,,,,,,,,,,,,,,
610,Koltyn Tholstrup,20,33.8,33.8,555000,Fwd,9,0,0,,,,,,,,,,,,,,,,,,,,,,,,,,
529,Kye Fincher,18,0,0,230000,Def,0,0,0,,,,,,,,,,,,,,,,,,,,,,,,,,
411,Kyle Langford,29,48.1,48.1,718000,Fwd,8,0,0,,,,,,,,,,,,,,,,,,,,,,,,,,
35,Kysaiah Pickett,24,87.3,87.3,915000,Fwd,20,0,0,,,,,,,,,,,,,,,,,,,,,,,,,,
18,Lachie Ash,24,100.1,100.1,1050000,Def,23,0,0,,,,,,,,,,,,,,,,,,,,,,,,,,
521,Lachie Fogarty,26,55.7,55.7,584000,Fwd,20,0,0,,,,,,,,,,,,,,,,,,,,,,,,,,
466,Lachie Jaques,19,0,0,230000,Def,0,0,0,,,,,,,,,,,,,,,,,,,,,,,,,,
611,Lachie Jones,23,43.1,43.1,452000,Def,18,0,0,,,,,,,,,,,,,,,,,,,,,,,,,,
48,Lachie Neale,32,94.6,94.6,992000,Mid,20,0,0,,,,,,,,,,,,,,,,,,,,,,,,,,
212,Lachie Schultz,28,76.6,76.6,804000,Fwd,14,0,0,,,,,,,,,,,,,,,,,,,,,,,,,,
494,Lachie Weller,30,52.3,52.3,571000,Mid,16,0,0,,,,,,,,,,,,,,,,,,,,,,,,,,
9,Lachie Whitfield,31,105.2,105.2,1104000,Def,22,0,0,,,,,,,,,,,,,,,,,,,,,,,,,,
310,Lachlan Blakiston,27,37.3,37.3,399000,Def,10,0,0,,,,,,,,,,,,,,,,,,,,,,,,,,
298,Lachlan Bramble,27,66.3,66.3,696000,Def,23,0,0,,,,,,,,,,,,,,,,,,,,,,,,,,
391,Lachlan Carmichael,18,0,0,270000,Def,0,0,0,,,,,,,,,,,,,,,,,,,,,,,,,,
228,Lachlan Cowan,21,63.4,63.4,665000,Def,14,0,0,,,,,,,,,,,,,,,,,,,,,,,,,,
638,Lachlan Gulbin,19,50,50,383000,Fwd,1,0,0,,,,,,,,,,,,,,,,,,,,,,,,,,
214,Lachlan McAndrew,25,0,0,286000,Ruck,0,0,0,,,,,,,,,,,,,,,,,,,,,,,,,,
687,Lachlan McNeil,24,42.4,42.4,445000,Fwd,20,0,0,,,,,,,,,,,,,,,,,,,,,,,,,,
288,Lachlan Sholl,25,53,53,761000,Mid,5,0,0,,,,,,,,,,,,,,,,,,,,,,,,,,
263,Lachlan Smith,20,0,0,230000,Ruck,0,0,0,,,,,,,,,,,,,,,,,,,,,,,,,,
691,Lachlan Sullivan,28,43.9,43.9,460000,Fwd,14,0,0,,,,,,,,,,,,,,,,,,,,,,,,,,
667,Lachy Dovaston,18,0,0,290000,Fwd,0,0,0,,,,,,,,,,,,,,,,,,,,,,,,,,
581,Laitham Vandermeer,27,43.4,43.4,455000,Fwd,19,0,0,,,,,,,,,,,,,,,,,,,,,,,,,,
732,Lance Collard,20,27.3,27.3,286000,Fwd,12,0,0,,,,,,,,,,,,,,,,,,,,,,,,,,
430,Latrelle Pickett,20,0,0,306000,Fwd,0,0,0,,,,,,,,,,,,,,,,,,,,,,,,,,
171,Lawson Humphries,22,70.4,70.4,740000,Def,22,0,0,,,,,,,,,,,,,,,,,,,,,,,,,,
812,Leek Aleer,24,36.3,36.3,381000,Def,12,0,0,,,,,,,,,,,,,,,,,,,,,,,,,,
883,Lennox Hoffman,19,0,0,230000,Def,0,0,0,,,,,,,,,,,,,,,,,,,,,,,,,,
575,Leon Kickett,19,0,0,230000,Fwd,0,0,0,,,,,,,,,,,,,,,,,,,,,,,,,,
436,Leonardo Lombard,19,23,23,230000,Fwd,4,0,0,,,,,,,,,,,,,,,,,,,,,,,,,,
127,Levi Ashcroft,19,74.6,74.6,781000,Mid,23,0,0,,,,,,,,,,,,,,,,,,,,,,,,,,
619,Lewis Hayes,21,52,52,398000,Def,1,0,0,,,,,,,,,,,,,,,,,,,,,,,,,,
793,Lewis Melican,29,46,46,483000,Def,17,0,0,,,,,,,,,,,,,,,,,,,,,,,,,,
710,Lewis Young,27,47,47,493000,Def,13,0,0,,,,,,,,,,,,,,,,,,,,,,,,,,
138,Liam Baker,28,79.4,79.4,833000,Def,23,0,0,,,,,,,,,,,,,,,,,,,,,,,,,,
123,Liam Duggan,29,79,79,830000,Def,21,0,0,,,,,,,,,,,,,,,,,,,,,,,,,,
702,Liam Fawcett,20,22,22,230000,Fwd,1,0,0,,,,,,,,,,,,,,,,,,,,,,,,,,
540,Liam Henry,24,30.3,30.3,529000,Fwd,6,0,0,,,,,,,,,,,,,,,,,,,,,,,,,,
643,Liam Hetherton,18,0,0,230000,Fwd,0,0,0,,,,,,,,,,,,,,,,,,,,,,,,,,
499,Liam McMahon,23,35.5,35.5,337000,Fwd,6,0,0,,,,,,,,,,,,,,,,,,,,,,,,,,
698,Liam O'Connell,22,34.9,34.9,333000,Def,7,0,0,,,,,,,,,,,,,,,,,,,,,,,,,,
215,Liam Reidy,25,37,37,394000,Fwd,1,0,0,,,,,,,,,,,,,,,,,,,,,,,,,,
433,Liam Ryan,29,57.1,57.1,599000,Fwd,20,0,0,,,,,,,,,,,,,,,,,,,,,,,,,,
517,Liam Stocker,26,46.8,46.8,491000,Def,17,0,0,,,,,,,,,,,,,,,,,,,,,,,,,,
480,Lincoln McCarthy,32,0,0,452000,Fwd,0,0,0,,,,,,,,,,,,,,,,,,,,,,,,,,
50,Lloyd Meek,27,93.3,93.3,978000,Ruck,22,0,0,,,,,,,,,,,,,,,,,,,,,,,,,,
389,Logan Evans,20,49.4,49.4,518000,Def,10,0,0,,,,,,,,,,,,,,,,,,,,,,,,,,
364,Logan McDonald,23,0,0,432000,Fwd,0,0,0,,,,,,,,,,,,,,,,,,,,,,,,,,
231,Logan Morris,20,57.7,57.7,605000,Fwd,22,0,0,,,,,,,,,,,,,,,,,,,,,,,,,,
279,Logan Smith,19,0,0,230000,Ruck,0,0,0,,,,,,,,,,,,,,,,,,,,,,,,,,
272,Louis Emmett,18,0,0,246000,Ruck,0,0,0,,,,,,,,,,,,,,,,,,,,,,,,,,
617,Lucas Camporeale,19,44,44,365000,Mid,3,0,0,,,,,,,,,,,,,,,,,,,,,,,,,,
542,Lucca Grego,19,56,56,429000,Def,1,0,0,,,,,,,,,,,,,,,,,,,,,,,,,,
633,Luke Beecken,24,10,10,230000,Mid,1,0,0,,,,,,,,,,,,,,,,,,,,,,,,,,
570,Luke Cleary,23,51.8,51.8,543000,Def,16,0,0,,,,,,,,,,,,,,,,,,,,,,,,,,
61,Luke Davies-Uniacke,26,87.7,87.7,920000,Mid,22,0,0,,,,,,,,,,,,,,,,,,,,,,,,,,
29,Luke Jackson,24,94.9,94.9,995000,Ruck,20,0,0,,,,,,,,,,,,,,,,,,,,,,,,,,
531,Luke Kennedy,19,0,0,230000,Mid,0,0,0,,,,,,,,,,,,,,,,,,,,,,,,,,
868,Luke Lloyd,20,0,0,230000,Fwd,0,0,0,,,,,,,,,,,,,,,,,,,,,,,,,,
338,Luke McDonald,31,60.7,60.7,636000,Def,15,0,0,,,,,,,,,,,,,,,,,,,,,,,,,,
398,Luke Nankervis,22,45.1,45.1,616000,Mid,7,0,0,,,,,,,,,,,,,,,,,,,,,,,,,,
164,Luke Parker,33,86.7,86.7,909000,Mid,22,0,0,,,,,,,,,,,,,,,,,,,,,,,,,,
558,Luke Pedlar,23,45.6,45.6,435000,Fwd,7,0,0,,,,,,,,,,,,,,,,,,,,,,,,,,
91,Luke Ryan,30,81.9,81.9,859000,Def,23,0,0,,,,,,,,,,,,,,,,,,,,,,,,,,
437,Luke Trainor,19,55,55,576000,Def,21,0,0,,,,,,,,,,,,,,,,,,,,,,,,,,
516,Luke Urquhart,19,0,0,230000,Mid,0,0,0,,,,,,,,,,,,,,,,,,,,,,,,,,
858,Luker Kentfield,20,0,0,230000,Fwd,0,0,0,,,,,,,,,,,,,,,,,,,,,,,,,,
443,Mabior Chol,29,59.8,59.8,627000,Fwd,21,0,0,,,,,,,,,,,,,,,,,,,,,,,,,,
339,Mac Andrew,22,56.6,56.6,587000,Def,21,0,0,,,,,,,,,,,,,,,,,,,,,,,,,,
706,Malakai Champion,19,20.5,20.5,230000,Fwd,2,0,0,,,,,,,,,,,,,,,,,,,,,,,,,,
555,Malcolm Rosas,24,26.8,26.8,350000,Fwd,4,0,0,,,,,,,,,,,,,,,,,,,,,,,,,,
387,Mani Liddy,24,58.7,58.7,597000,Mid,9,0,0,,,,,,,,,,,,,,,,,,,,,,,,,,
162,Marc Pittonet,29,70.3,70.3,671000,Ruck,7,0,0,,,,,,,,,,,,,,,,,,,,,,,,,,
6,Marcus Bontempelli,30,111.3,111.3,1167000,Mid,18,0,0,,,,,,,,,,,,,,,,,,,,,,,,,,
112,Marcus Windhager,22,82,82,860000,Mid,23,0,0,,,,,,,,,,,,,,,,,,,,,,,,,,
170,Mark Blicavs,34,70.9,70.9,744000,Ruck,22,0,0,,,,,,,,,,,,,,,,,,,,,,,,,,
344,Mark Keane,25,54.8,54.8,575000,Def,23,0,0,,,,,,,,,,,,,,,,,,,,,,,,,,
407,Mark O'Connor,29,64.5,64.5,676000,Def,22,0,0,,,,,,,,,,,,,,,,,,,,,,,,,,
315,Mason Cox,34,42.8,42.8,497000,Fwd,8,0,0,,,,,,,,,,,,,,,,,,,,,,,,,,
45,Mason Redman,28,86.1,86.1,900000,Def,18,0,0,,,,,,,,,,,,,,,,,,,,,,,,,,
223,Mason Wood,32,68.7,68.7,721000,Fwd,21,0,0,,,,,,,,,,,,,,,,,,,,,,,,,,
255,Massimo D'Ambrosio,22,70.4,70.4,739000,Mid,23,0,0,,,,,,,,,,,,,,,,,,,,,,,,,,
705,Matt Duffy,22,0,0,230000,Def,0,0,0,,,,,,,,,,,,,,,,,,,,,,,,,,
183,Matt Flynn,28,78.7,78.7,826000,Ruck,18,0,0,,,,,,,,,,,,,,,,,,,,,,,,,,
597,Matt Guelfi,28,45,45,445000,Fwd,11,0,0,,,,,,,,,,,,,,,,,,,,,,,,,,
623,Matt Hill,22,0,0,230000,Def,0,0,0,,,,,,,,,,,,,,,,,,,,,,,,,,
89,Matt Roberts,22,82.7,82.7,868000,Def,18,0,0,,,,,,,,,,,,,,,,,,,,,,,,,,
23,Matt Rowell,24,100.4,100.4,1062000,Mid,22,0,0,,,,,,,,,,,,,,,,,,,,,,,,,,
718,Matt Whitlock,19,23.5,23.5,230000,Fwd,2,0,0,,,,,,,,,,,,,,,,,,,,,,,,,,
115,Mattaes Phillipou,21,35.9,35.9,610000,Fwd,7,0,0,,,,,,,,,,,,,,,,,,,,,,,,,,
545,Matthew Carroll,20,49.5,49.5,519000,Def,17,0,0,,,,,,,,,,,,,,,,,,,,,,,,,,
394,Matthew Cottrell,25,66.2,66.2,611000,Fwd,6,0,0,,,,,,,,,,,,,,,,,,,,,,,,,,
725,Matthew Jefferson,21,28.7,28.7,274000,Fwd,7,0,0,,,,,,,,,,,,,,,,,,,,,,,,,,
292,Matthew Johnson,22,70.5,70.5,740000,Mid,18,0,0,,,,,,,,,,,,,,,,,,,,,,,,,,
84,Matthew Kennedy,28,96.5,96.5,1013000,Mid,23,0,0,,,,,,,,,,,,,,,,,,,,,,,,,,
565,Matthew LeRay,19,0,0,230000,Mid,0,0,0,,,,,,,,,,,,,,,,,,,,,,,,,,
644,Matthew Owies,28,43.9,43.9,460000,Fwd,16,0,0,,,,,,,,,,,,,,,,,,,,,,,,,,
579,Maurice Rioli,23,41.5,41.5,435000,Fwd,13,0,0,,,,,,,,,,,,,,,,,,,,,,,,,,
7,Max Gawn,34,113.3,113.3,1188000,Ruck,23,0,0,,,,,,,,,,,,,,,,,,,,,,,,,,
720,Max Gruzewski,21,37.9,37.9,361000,Fwd,7,0,0,,,,,,,,,,,,,,,,,,,,,,,,,,
175,Max Hall,23,66.1,66.1,694000,Fwd,23,0,0,,,,,,,,,,,,,,,,,,,,,,,,,,
375,Max Heath,23,43.8,43.8,376000,Fwd,4,0,0,,,,,,,,,,,,,,,,,,,,,,,,,,
19,Max Holmes,23,100.9,100.9,1059000,Mid,23,0,0,,,,,,,,,,,,,,,,,,,,,,,,,,
380,Max King,25,0,0,378000,Fwd,0,0,0,,,,,,,,,,,,,,,,,,,,,,,,,,
614,Max King,19,0,0,230000,Fwd,0,0,0,,,,,,,,,,,,,,,,,,,,,,,,,,
278,Max Knobel,21,0,0,230000,Ruck,0,0,0,,,,,,,,,,,,,,,,,,,,,,,,,,
692,Max Kondogiannis,18,0,0,230000,Def,0,0,0,,,,,,,,,,,,,,,,,,,,,,,,,,
327,Max Michalanney,21,54.8,54.8,575000,Def,19,0,0,,,,,,,,,,,,,,,,,,,,,,,,,,
680,Max Ramsden,22,53.3,53.3,458000,Fwd,4,0,0,,,,,,,,,,,,,,,,,,,,,,,,,,
481,Michael Frederick,25,58.8,58.8,617000,Fwd,23,0,0,,,,,,,,,,,,,,,,,,,,,,,,,,
593,Michael Sellwood,22,0,0,230000,Def,0,0,0,,,,,,,,,,,,,,,,,,,,,,,,,,
90,Miles Bergman,24,78.2,78.2,822000,Def,19,0,0,,,,,,,,,,,,,,,,,,,,,,,,,,
129,Mitch Georgiades,24,69.3,69.3,727000,Fwd,23,0,0,,,,,,,,,,,,,,,,,,,,,,,,,,
493,Mitch Knevitt,23,51.9,51.9,495000,Mid,7,0,0,,,,,,,,,,,,,,,,,,,,,,,,,,
378,Mitch Lewis,27,45.5,45.5,420000,Fwd,6,0,0,,,,,,,,,,,,,,,,,,,,,,,,,,
370,Mitch McGovern,31,62.6,62.6,657000,Def,17,0,0,,,,,,,,,,,,,,,,,,,,,,,,,,
321,Mitch Owens,22,60.4,60.4,633000,Fwd,19,0,0,,,,,,,,,,,,,,,,,,,,,,,,,,
333,Mitchell Edwards,20,0,0,230000,Ruck,0,0,0,,,,,,,,,,,,,,,,,,,,,,,,,,
290,Mitchell Hinge,27,67.1,67.1,704000,Def,22,0,0,,,,,,,,,,,,,,,,,,,,,,,,,,
645,Mitchell Marsh,19,0,0,266000,Fwd,0,0,0,,,,,,,,,,,,,,,,,,,,,,,,,,
153,Murphy Reid,19,55.4,55.4,581000,Fwd,23,0,0,,,,,,,,,,,,,,,,,,,,,,,,,,
612,Mykelti Lefau,27,11,11,342000,Fwd,1,0,0,,,,,,,,,,,,,,,,,,,,,,,,,,
1,Nasiah Wanganeen-Milera,23,110.8,110.8,1163000,Def,23,0,0,,,,,,,,,,,,,,,,,,,,,,,,,,
239,Nate Caddy,20,53.5,53.5,562000,Fwd,17,0,0,,,,,,,,,,,,,,,,,,,,,,,,,,
358,Nathan Broad,32,60.9,60.9,638000,Def,22,0,0,,,,,,,,,,,,,,,,,,,,,,,,,,
418,Nathan O'Driscoll,23,64.4,64.4,675000,Mid,13,0,0,,,,,,,,,,,,,,,,,,,,,,,,,,
622,Nathan Wardius,21,0,0,230000,Fwd,0,0,0,,,,,,,,,,,,,,,,,,,,,,,,,,
591,Ned Bowman,19,0,0,230000,Fwd,0,0,0,,,,,,,,,,,,,,,,,,,,,,,,,,
143,Ned Long,23,77,77,808000,Mid,23,0,0,,,,,,,,,,,,,,,,,,,,,,,,,,
187,Ned Moyle,24,51.7,51.7,643000,Ruck,3,0,0,,,,,,,,,,,,,,,,,,,,,,,,,,
132,Ned Reeves,27,63,63,482000,Ruck,1,0,0,,,,,,,,,,,,,,,,,,,,,,,,,,
304,Neil Erasmus,22,56.8,56.8,596000,Mid,15,0,0,,,,,,,,,,,,,,,,,,,,,,,,,,
46,Nic Martin,24,97.4,97.4,1022000,Fwd,16,0,0,,,,,,,,,,,,,,,,,,,,,,,,,,
27,Nic Newman,33,0,0,753000,Def,0,0,0,,,,,,,,,,,,,,,,,,,,,,,,,,
513,Nicholas Driscoll,18,0,0,230000,Mid,0,0,0,,,,,,,,,,,,,,,,,,,,,,,,,,
188,Nicholas Madden,21,63.3,63.3,525000,Ruck,3,0,0,,,,,,,,,,,,,,,,,,,,,,,,,,
68,Nick Blakey,25,85,85,892000,Def,23,0,0,,,,,,,,,,,,,,,,,,,,,,,,,,
124,Nick Bryan,24,57.8,57.8,614000,Ruck,4,0,0,,,,,,,,,,,,,,,,,,,,,,,,,,
340,Nick Coffield,26,55,55,473000,Def,4,0,0,,,,,,,,,,,,,,,,,,,,,,,,,,
3,Nick Daicos,23,108.1,108.1,1134000,Mid,23,0,0,,,,,,,,,,,,,,,,,,,,,,,,,,
182,Nick Haynes,33,75.7,75.7,794000,Def,23,0,0,,,,,,,,,,,,,,,,,,,,,,,,,,
576,Nick Holman,30,36.7,36.7,385000,Fwd,16,0,0,,,,,,,,,,,,,,,,,,,,,,,,,,
172,Nick Larkey,27,58.6,58.6,615000,Fwd,17,0,0,,,,,,,,,,,,,,,,,,,,,,,,,,
811,Nick Murray,25,37.7,37.7,395000,Def,10,0,0,,,,,,,,,,,,,,,,,,,,,,,,,,
150,Nick Vlastuin,31,77.3,77.3,811000,Def,22,0,0,,,,,,,,,,,,,,,,,,,,,,,,,,
453,Nick Watson,21,49.9,49.9,523000,Fwd,22,0,0,,,,,,,,,,,,,,,,,,,,,,,,,,
492,Nik Cox,24,0,0,388000,Mid,0,0,0,,,,,,,,,,,,,,,,,,,,,,,,,,
33,Noah Anderson,25,98.8,98.8,1044000,Mid,22,0,0,,,,,,,,,,,,,,,,,,,,,,,,,,
357,Noah Answerth,26,57.9,57.9,608000,Def,17,0,0,,,,,,,,,,,,,,,,,,,,,,,,,,
414,Noah Balta,26,52.7,52.7,553000,Fwd,13,0,0,,,,,,,,,,,,,,,,,,,,,,,,,,
629,Noah Chamberlain,18,0,0,230000,Fwd,0,0,0,,,,,,,,,,,,,,,,,,,,,,,,,,
676,Noah Howes,20,0,0,230000,Fwd,0,0,0,,,,,,,,,,,,,,,,,,,,,,,,,,
686,Noah Long,21,34.2,34.2,359000,Fwd,10,0,0,,,,,,,,,,,,,,,,,,,,,,,,,,
875,Noah Mraz,20,0,0,230000,Def,0,0,0,,,,,,,,,,,,,,,,,,,,,,,,,,
539,Noah Roberts-Thomson,18,0,0,230000,Mid,0,0,0,,,,,,,,,,,,,,,,,,,,,,,,,,
860,Oisin Mullin,26,46.6,46.6,489000,Def,22,0,0,,,,,,,,,,,,,,,,,,,,,,,,,,
167,Oliver Dempsey,23,72.7,72.7,763000,Mid,23,0,0,,,,,,,,,,,,,,,,,,,,,,,,,,
291,Oliver Florent,27,60,60,629000,Mid,16,0,0,,,,,,,,,,,,,,,,,,,,,,,,,,
432,Oliver Greeves,19,0,0,230000,Mid,0,0,0,,,,,,,,,,,,,,,,,,,,,,,,,,
665,Oliver Hannaford,19,0,0,230000,Fwd,0,0,0,,,,,,,,,,,,,,,,,,,,,,,,,,
329,Oliver Hayes-Brown,25,0,0,230000,Ruck,0,0,0,,,,,,,,,,,,,,,,,,,,,,,,,,
547,Oliver Henry,23,41,41,430000,Fwd,15,0,0,,,,,,,,,,,,,,,,,,,,,,,,,,
166,Oliver Hollands,22,76.2,76.2,799000,Def,23,0,0,,,,,,,,,,,,,,,,,,,,,,,,,,
607,Oliver Wiltshire,23,34.5,34.5,275000,Fwd,2,0,0,,,,,,,,,,,,,,,,,,,,,,,,,,
724,Ollie Lord,24,29.4,29.4,308000,Fwd,15,0,0,,,,,,,,,,,,,,,,,,,,,,,,,,
869,Ollie Murphy,20,0,0,230000,Def,0,0,0,,,,,,,,,,,,,,,,,,,,,,,,,,
93,Ollie Wines,31,89.5,89.5,938000,Mid,20,0,0,,,,,,,,,,,,,,,,,,,,,,,,,,
832,Oscar Adams,22,26.4,26.4,260000,Def,8,0,0,,,,,,,,,,,,,,,,,,,,,,,,,,
320,Oscar Allen,26,49.8,49.8,522000,Fwd,12,0,0,,,,,,,,,,,,,,,,,,,,,,,,,,
624,Oscar Berry,24,0,0,230000,Def,0,0,0,,,,,,,,,,,,,,,,,,,,,,,,,,
745,Oscar McDonald,29,49.4,49.4,472000,Def,7,0,0,,,,,,,,,,,,,,,,,,,,,,,,,,
594,Oscar Ryan,20,0,0,230000,Def,0,0,0,,,,,,,,,,,,,,,,,,,,,,,,,,
194,Oscar Steene,22,0,0,230000,Fwd,0,0,0,,,,,,,,,,,,,,,,,,,,,,,,,,
360,Oskar Baker,27,58,58,590000,Def,9,0,0,,,,,,,,,,,,,,,,,,,,,,,,,,
887,Oskar Taylor,18,0,0,294000,Def,0,0,0,,,,,,,,,,,,,,,,,,,,,,,,,,
447,Paddy Dow,26,0,0,465000,Mid,0,0,0,,,,,,,,,,,,,,,,,,,,,,,,,,
65,Patrick Cripps,30,88.8,88.8,931000,Mid,23,0,0,,,,,,,,,,,,,,,,,,,,,,,,,,
235,Patrick Dangerfield,35,63.5,63.5,667000,Fwd,20,0,0,,,,,,,,,,,,,,,,,,,,,,,,,,
251,Patrick Lipinski,27,66.9,66.9,702000,Fwd,21,0,0,,,,,,,,,,,,,,,,,,,,,,,,,,
456,Patrick Retschko,19,0,0,230000,Mid,0,0,0,,,,,,,,,,,,,,,,,,,,,,,,,,
602,Patrick Said,19,0,0,230000,Fwd,0,0,0,,,,,,,,,,,,,,,,,,,,,,,,,,
699,Patrick Snell,20,0,0,230000,Fwd,0,0,0,,,,,,,,,,,,,,,,,,,,,,,,,,
152,Patrick Voss,22,54.8,54.8,575000,Fwd,19,0,0,,,,,,,,,,,,,,,,,,,,,,,,,,
169,Paul Curtis,22,71,71,745000,Fwd,19,0,0,,,,,,,,,,,,,,,,,,,,,,,,,,
179,Peter Ladhams,28,50.9,50.9,534000,Fwd,10,0,0,,,,,,,,,,,,,,,,,,,,,,,,,,
227,Peter Wright,29,75.4,75.4,776000,Fwd,18,0,0,,,,,,,,,,,,,,,,,,,,,,,,,,
652,Phoenix Gothard,20,0,0,230000,Fwd,0,0,0,,,,,,,,,,,,,,,,,,,,,,,,,,
595,Reece Torrent,20,0,0,230000,Mid,0,0,0,,,,,,,,,,,,,,,,,,,,,,,,,,
703,Reef McInnes,23,34.3,34.3,285000,Def,3,0,0,,,,,,,,,,,,,,,,,,,,,,,,,,
99,Reilly O'Brien,30,90.9,90.9,953000,Ruck,23,0,0,,,,,,,,,,,,,,,,,,,,,,,,,,
409,Reuben Ginbey,21,55.1,55.1,578000,Def,23,0,0,,,,,,,,,,,,,,,,,,,,,,,,,,
708,Rhett Bazzo,22,46.9,46.9,449000,Def,7,0,0,,,,,,,,,,,,,,,,,,,,,,,,,,
473,Rhyan Mansell,25,58.4,58.4,613000,Fwd,20,0,0,,,,,,,,,,,,,,,,,,,,,,,,,,
275,Rhylee West,25,65.6,65.6,688000,Fwd,23,0,0,,,,,,,,,,,,,,,,,,,,,,,,,,
236,Rhys Stanley,35,64.4,64.4,675000,Ruck,18,0,0,,,,,,,,,,,,,,,,,,,,,,,,,,
744,Rhys Unwin,19,36.5,36.5,238000,Fwd,2,0,0,,,,,,,,,,,,,,,,,,,,,,,,,,
685,Riak Andrew,20,0,0,230000,Def,0,0,0,,,,,,,,,,,,,,,,,,,,,,,,,,
640,Ricky Mentha,19,0,0,230000,Fwd,0,0,0,,,,,,,,,,,,,,,,,,,,,,,,,,
286,Riley Bice,25,56.7,56.7,595000,Def,16,0,0,,,,,,,,,,,,,,,,,,,,,,,,,,
491,Riley Garcia,25,53.5,53.5,620000,Fwd,8,0,0,,,,,,,,,,,,,,,,,,,,,,,,,,
599,Riley Hamilton,19,0,0,230000,Fwd,0,0,0,,,,,,,,,,,,,,,,,,,,,,,,,,
311,Riley Hardeman,20,48.1,48.1,504000,Def,17,0,0,,,,,,,,,,,,,,,,,,,,,,,,,,
495,Riley Onley,18,0,0,230000,Mid,0,0,0,,,,,,,,,,,,,,,,,,,,,,,,,,
66,Riley Thilthorpe,23,82.9,82.9,870000,Fwd,23,0,0,,,,,,,,,,,,,,,,,,,,,,,,,,
625,River Stevens,19,0,0,230000,Fwd,0,0,0,,,,,,,,,,,,,,,,,,,,,,,,,,
467,Roan Steele,24,46,46,381000,Mid,3,0,0,,,,,,,,,,,,,,,,,,,,,,,,,,
690,Rob Monahan,21,0,0,230000,Fwd,0,0,0,,,,,,,,,,,,,,,,,,,,,,,,,,
641,Robert Hansen Jr,21,33.2,33.2,348000,Fwd,12,0,0,,,,,,,,,,,,,,,,,,,,,,,,,,
75,Rory Laird,32,92.6,92.6,971000,Def,20,0,0,,,,,,,,,,,,,,,,,,,,,,,,,,
410,Rory Lobb,33,55,55,578000,Def,23,0,0,,,,,,,,,,,,,,,,,,,,,,,,,,
16,Rowan Marshall,30,105.8,105.8,1110000,Ruck,23,0,0,,,,,,,,,,,,,,,,,,,,,,,,,,
308,Ryan Angwin,23,68.3,68.3,695000,Mid,9,0,0,,,,,,,,,,,,,,,,,,,,,,,,,,
348,Ryan Byrnes,24,67.1,67.1,703000,Def,17,0,0,,,,,,,,,,,,,,,,,,,,,,,,,,
794,Ryan Gardner,28,26,26,230000,Def,1,0,0,,,,,,,,,,,,,,,,,,,,,,,,,,
351,Ryan Lester,33,57.3,57.3,601000,Def,22,0,0,,,,,,,,,,,,,,,,,,,,,,,,,,
204,Ryan Maric,21,75.2,75.2,789000,Def,22,0,0,,,,,,,,,,,,,,,,,,,,,,,,,,
677,Ryda Luke,18,0,0,230000,Fwd,0,0,0,,,,,,,,,,,,,,,,,,,,,,,,,,
137,Ryley Sanders,21,66.1,66.1,694000,Fwd,21,0,0,,,,,,,,,,,,,,,,,,,,,,,,,,
361,Saad El-Hawli,24,46.3,46.3,450000,Mid,8,0,0,,,,,,,,,,,,,,,,,,,,,,,,,,
630,Sam Allen,19,0,0,238000,Fwd,0,0,0,,,,,,,,,,,,,,,,,,,,,,,,,,
96,Sam Banks,22,79.5,79.5,831000,Def,22,0,0,,,,,,,,,,,,,,,,,,,,,,,,,,
301,Sam Berry,24,62.4,62.4,655000,Mid,17,0,0,,,,,,,,,,,,,,,,,,,,,,,,,,
300,Sam Butler,23,58,58,489000,Fwd,3,0,0,,,,,,,,,,,,,,,,,,,,,,,,,,
386,Sam Clohesy,23,62.1,62.1,652000,Mid,14,0,0,,,,,,,,,,,,,,,,,,,,,,,,,,
404,Sam Collins,31,52.9,52.9,544000,Def,19,0,0,,,,,,,,,,,,,,,,,,,,,,,,,,
43,Sam Darcy,22,82.2,82.2,863000,Fwd,17,0,0,,,,,,,,,,,,,,,,,,,,,,,,,,
289,Sam Davidson,24,66.1,66.1,693000,Mid,19,0,0,,,,,,,,,,,,,,,,,,,,,,,,,,
455,Sam De Koning,24,55.9,55.9,586000,Def,20,0,0,,,,,,,,,,,,,,,,,,,,,,,,,,
88,Sam Draper,27,82,82,731000,Fwd,5,0,0,,,,,,,,,,,,,,,,,,,,,,,,,,
148,Sam Durham,24,78.4,78.4,822000,Mid,19,0,0,,,,,,,,,,,,,,,,,,,,,,,,,,
38,Sam Flanders,24,68.2,68.2,716000,Fwd,20,0,0,,,,,,,,,,,,,,,,,,,,,,,,,,
121,Sam Lalor,19,54.1,54.1,567000,Fwd,11,0,0,,,,,,,,,,,,,,,,,,,,,,,,,,
520,Sam Marshall,20,46,46,439000,Mid,7,0,0,,,,,,,,,,,,,,,,,,,,,,,,,,
484,Sam Powell-Pepper,28,64.2,64.2,673000,Fwd,16,0,0,,,,,,,,,,,,,,,,,,,,,,,,,,
586,Sam Sturt,25,0,0,355000,Fwd,0,0,0,,,,,,,,,,,,,,,,,,,,,,,,,,
560,Sam Swadling,19,0,0,230000,Mid,0,0,0,,,,,,,,,,,,,,,,,,,,,,,,,,
500,Sam Switkowski,29,55.1,55.1,578000,Fwd,17,0,0,,,,,,,,,,,,,,,,,,,,,,,,,,
354,Sam Taylor,26,61.9,61.9,649000,Def,19,0,0,,,,,,,,,,,,,,,,,,,,,,,,,,
39,Sam Walsh,25,93.1,93.1,977000,Mid,14,0,0,,,,,,,,,,,,,,,,,,,,,,,,,,
489,Sam Wicks,26,56,56,587000,Def,21,0,0,,,,,,,,,,,,,,,,,,,,,,,,,,
332,Samson Ryan,25,42,42,335000,Ruck,2,0,0,,,,,,,,,,,,,,,,,,,,,,,,,,
282,Samuel Cumming,18,0,0,326000,Mid,0,0,0,,,,,,,,,,,,,,,,,,,,,,,,,,
240,Samuel Grlj,18,0,0,322000,Def,0,0,0,,,,,,,,,,,,,,,,,,,,,,,,,,
827,Sandy Brock,23,44.1,44.1,462000,Def,14,0,0,,,,,,,,,,,,,,,,,,,,,,,,,,
140,Scott Pendlebury,38,86.6,86.6,908000,Mid,20,0,0,,,,,,,,,,,,,,,,,,,,,,,,,,
208,Sean Darcy,27,64.3,64.3,674000,Ruck,16,0,0,,,,,,,,,,,,,,,,,,,,,,,,,,
483,Seth Campbell,21,58.4,58.4,613000,Fwd,22,0,0,,,,,,,,,,,,,,,,,,,,,,,,,,
674,Shadeau Brain,22,0,0,275000,Def,0,0,0,,,,,,,,,,,,,,,,,,,,,,,,,,
126,Shai Bolton,27,70,70,734000,Fwd,22,0,0,,,,,,,,,,,,,,,,,,,,,,,,,,
577,Shane McAdam,30,0,0,326000,Fwd,0,0,0,,,,,,,,,,,,,,,,,,,,,,,,,,
244,Shannon Neale,23,61.3,61.3,643000,Fwd,22,0,0,,,,,,,,,,,,,,,,,,,,,,,,,,
67,Shaun Mannagh,28,88.1,88.1,924000,Fwd,20,0,0,,,,,,,,,,,,,,,,,,,,,,,,,,
277,Sid Draper,19,29.3,29.3,307000,Fwd,10,0,0,,,,,,,,,,,,,,,,,,,,,,,,,,
219,Steele Sidebottom,35,86,86,905000,Mid,21,0,0,,,,,,,,,,,,,,,,,,,,,,,,,,
459,Steely Green,22,36.3,36.3,381000,Fwd,18,0,0,,,,,,,,,,,,,,,,,,,,,,,,,,
260,Stephen Coniglio,32,59.4,59.4,783000,Mid,9,0,0,,,,,,,,,,,,,,,,,,,,,,,,,,
230,Steven May,34,72.1,72.1,757000,Def,16,0,0,,,,,,,,,,,,,,,,,,,,,,,,,,
328,Sullivan Robey,18,0,0,318000,Fwd,0,0,0,,,,,,,,,,,,,,,,,,,,,,,,,,
544,Tai Hayes,21,0,0,230000,Fwd,0,0,0,,,,,,,,,,,,,,,,,,,,,,,,,,
252,Taj Hotton,19,50.9,50.9,485000,Fwd,7,0,0,,,,,,,,,,,,,,,,,,,,,,,,,,
661,Talor Byrne,18,0,0,230000,Fwd,0,0,0,,,,,,,,,,,,,,,,,,,,,,,,,,
246,Tanner Bruhn,23,0,0,517000,Mid,0,0,0,,,,,,,,,,,,,,,,,,,,,,,,,,
475,Taylor Adams,32,35.8,35.8,581000,Fwd,4,0,0,,,,,,,,,,,,,,,,,,,,,,,,,,
280,Taylor Goad,20,0,0,230000,Ruck,0,0,0,,,,,,,,,,,,,,,,,,,,,,,,,,
356,Taylor Walker,35,61.5,61.5,645000,Fwd,21,0,0,,,,,,,,,,,,,,,,,,,,,,,,,,
882,Tew Jiath,20,0,0,230000,Def,0,0,0,,,,,,,,,,,,,,,,,,,,,,,,,,
635,Thomas Edwards,25,40,40,319000,Fwd,2,0,0,,,,,,,,,,,,,,,,,,,,,,,,,,
654,Thomas Matthews,18,0,0,234000,Fwd,0,0,0,,,,,,,,,,,,,,,,,,,,,,,,,,
741,Thomas Sims,19,37.5,37.5,393000,Fwd,11,0,0,,,,,,,,,,,,,,,,,,,,,,,,,,
8,Tim English,28,110.8,110.8,1162000,Ruck,23,0,0,,,,,,,,,,,,,,,,,,,,,,,,,,
197,Tim Kelly,31,63.3,63.3,664000,Fwd,20,0,0,,,,,,,,,,,,,,,,,,,,,,,,,,
381,Tim Membrey,31,51.8,51.8,543000,Fwd,21,0,0,,,,,,,,,,,,,,,,,,,,,,,,,,
56,Tim Taranto,28,93.9,93.9,985000,Mid,21,0,0,,,,,,,,,,,,,,,,,,,,,,,,,,
400,Tobie Travaglia,19,45.6,45.6,479000,Def,11,0,0,,,,,,,,,,,,,,,,,,,,,,,,,,
428,Toby Bedford,25,56.2,56.2,589000,Fwd,22,0,0,,,,,,,,,,,,,,,,,,,,,,,,,,
247,Toby Conway,22,0,0,552000,Ruck,0,0,0,,,,,,,,,,,,,,,,,,,,,,,,,,
87,Toby Greene,32,81,81,850000,Fwd,21,0,0,,,,,,,,,,,,,,,,,,,,,,,,,,
564,Toby McMullin,21,42,42,443000,Mid,11,0,0,,,,,,,,,,,,,,,,,,,,,,,,,,
200,Toby Murray,22,0,0,230000,Fwd,0,0,0,,,,,,,,,,,,,,,,,,,,,,,,,,
77,Toby Nankervis,31,91.1,91.1,956000,Ruck,22,0,0,,,,,,,,,,,,,,,,,,,,,,,,,,
697,Toby Pink,27,47.1,47.1,496000,Def,17,0,0,,,,,,,,,,,,,,,,,,,,,,,,,,
534,Toby Whan,18,0,0,230000,Mid,0,0,0,,,,,,,,,,,,,,,,,,,,,,,,,,
318,Tobyn Murray,20,0,0,230000,Fwd,0,0,0,,,,,,,,,,,,,,,,,,,,,,,,,,
234,Todd Marshall,27,0,0,394000,Fwd,0,0,0,,,,,,,,,,,,,,,,,,,,,,,,,,
553,Tom Anastasopoulos,20,0,0,230000,Fwd,0,0,0,,,,,,,,,,,,,,,,,,,,,,,,,,
109,Tom Atkins,30,87.8,87.8,921000,Mid,23,0,0,,,,,,,,,,,,,,,,,,,,,,,,,,
784,Tom Barrass,30,41.1,41.1,432000,Def,22,0,0,,,,,,,,,,,,,,,,,,,,,,,,,,
406,Tom Brown,22,57.1,57.1,599000,Def,23,0,0,,,,,,,,,,,,,,,,,,,,,,,,,,
207,Tom Campbell,34,0,0,297000,Ruck,0,0,0,,,,,,,,,,,,,,,,,,,,,,,,,,
421,Tom Cochrane,20,32,32,265000,Fwd,3,0,0,,,,,,,,,,,,,,,,,,,,,,,,,,
353,Tom Cole,28,66.4,66.4,697000,Def,18,0,0,,,,,,,,,,,,,,,,,,,,,,,,,,
64,Tom De Koning,26,84.7,84.7,889000,Ruck,22,0,0,,,,,,,,,,,,,,,,,,,,,,,,,,
384,Tom Doedee,28,47,47,360000,Def,1,0,0,,,,,,,,,,,,,,,,,,,,,,,,,,
42,Tom Green,25,97.5,97.5,1023000,Mid,22,0,0,,,,,,,,,,,,,,,,,,,,,,,,,,
490,Tom Gross,19,34.9,34.9,344000,Fwd,8,0,0,,,,,,,,,,,,,,,,,,,,,,,,,,
580,Tom Hanily,20,33.1,33.1,327000,Fwd,8,0,0,,,,,,,,,,,,,,,,,,,,,,,,,,
72,Tom Liberatore,33,99.5,99.5,1044000,Mid,23,0,0,,,,,,,,,,,,,,,,,,,,,,,,,,
366,Tom Lynch,33,52.5,52.5,551000,Fwd,16,0,0,,,,,,,,,,,,,,,,,,,,,,,,,,
54,Tom McCarthy,25,83.5,83.5,876000,Def,10,0,0,,,,,,,,,,,,,,,,,,,,,,,,,,
347,Tom McCartin,26,55.6,55.6,583000,Def,20,0,0,,,,,,,,,,,,,,,,,,,,,,,,,,
346,Tom McDonald,33,59.5,59.5,624000,Def,17,0,0,,,,,,,,,,,,,,,,,,,,,,,,,,
217,Tom Papley,29,62,62,650000,Fwd,11,0,0,,,,,,,,,,,,,,,,,,,,,,,,,,
145,Tom Powell,23,86.9,86.9,912000,Mid,23,0,0,,,,,,,,,,,,,,,,,,,,,,,,,,
431,Tom Sparrow,25,61.1,61.1,641000,Fwd,22,0,0,,,,,,,,,,,,,,,,,,,,,,,,,,
79,Tom Stewart,32,80.3,80.3,844000,Def,18,0,0,,,,,,,,,,,,,,,,,,,,,,,,,,
74,Touk Miller,30,92,92,955000,Mid,20,0,0,,,,,,,,,,,,,,,,,,,,,,,,,,
94,Trent Rivers,24,82.3,82.3,865000,Def,23,0,0,,,,,,,,,,,,,,,,,,,,,,,,,,
5,Tristan Xerri,26,105,105,1101000,Ruck,20,0,0,,,,,,,,,,,,,,,,,,,,,,,,,,
731,Ty Gallop,20,33,33,263000,Fwd,2,0,0,,,,,,,,,,,,,,,,,,,,,,,,,,
573,Tyan Prindable,19,0,0,230000,Mid,0,0,0,,,,,,,,,,,,,,,,,,,,,,,,,,
714,Tylah Williams,19,0,0,230000,Fwd,0,0,0,,,,,,,,,,,,,,,,,,,,,,,,,,
376,Tylar Young,27,58.4,58.4,558000,Def,7,0,0,,,,,,,,,,,,,,,,,,,,,,,,,,
672,Tyler Brockman,23,49.3,49.3,517000,Fwd,20,0,0,,,,,,,,,,,,,,,,,,,,,,,,,,
454,Tyler Sonsie,23,57.6,57.6,604000,Fwd,16,0,0,,,,,,,,,,,,,,,,,,,,,,,,,,
604,Tyler Welsh,19,0,0,230000,Fwd,0,0,0,,,,,,,,,,,,,,,,,,,,,,,,,,
442,Tyrell Dewar,21,48,48,504000,Def,16,0,0,,,,,,,,,,,,,,,,,,,,,,,,,,
452,Tyson Stengle,27,61.7,61.7,647000,Fwd,21,0,0,,,,,,,,,,,,,,,,,,,,,,,,,,
206,Vigo Visentini,20,49.5,49.5,395000,Ruck,2,0,0,,,,,,,,,,,,,,,,,,,,,,,,,,
224,Wayne Milera,28,72,72,756000,Def,22,0,0,,,,,,,,,,,,,,,,,,,,,,,,,,
873,Wil Dawson,20,42.6,42.6,380000,Def,5,0,0,,,,,,,,,,,,,,,,,,,,,,,,,,
648,Wil Parker,23,31.7,31.7,302000,Def,3,0,0,,,,,,,,,,,,,,,,,,,,,,,,,,
238,Wil Powell,26,65.5,65.5,701000,Def,22,0,0,,,,,,,,,,,,,,,,,,,,,,,,,,
20,Will Ashcroft,21,95.3,95.3,1002000,Mid,23,0,0,,,,,,,,,,,,,,,,,,,,,,,,,,
165,Will Brodie,27,0,0,457000,Mid,0,0,0,,,,,,,,,,,,,,,,,,,,,,,,,,
890,Will Darcy,18,0,0,230000,Fwd,0,0,0,,,,,,,,,,,,,,,,,,,,,,,,,,
161,Will Day,24,86.8,86.8,802000,Mid,6,0,0,,,,,,,,,,,,,,,,,,,,,,,,,,
501,Will Graham,20,55.3,55.3,578000,Fwd,8,0,0,,,,,,,,,,,,,,,,,,,,,,,,,,
429,Will Hayward,27,55.8,55.8,585000,Fwd,21,0,0,,,,,,,,,,,,,,,,,,,,,,,,,,
510,Will Lorenz,21,47.3,47.3,437000,Mid,6,0,0,,,,,,,,,,,,,,,,,,,,,,,,,,
729,Will McLachlan,20,23.3,23.3,230000,Fwd,6,0,0,,,,,,,,,,,,,,,,,,,,,,,,,,
114,Will Setterfield,28,95.9,95.9,1006000,Mid,13,0,0,,,,,,,,,,,,,,,,,,,,,,,,,,
186,Willem Drew,27,75.1,75.1,788000,Mid,23,0,0,,,,,,,,,,,,,,,,,,,,,,,,,,
185,Willem Duursma,18,0,0,350000,Mid,0,0,0,,,,,,,,,,,,,,,,,,,,,,,,,,
671,William Edwards,22,0,0,230000,Def,0,0,0,,,,,,,,,,,,,,,,,,,,,,,,,,
267,William Green,20,0,0,230000,Ruck,0,0,0,,,,,,,,,,,,,,,,,,,,,,,,,,
736,William Hayes,19,45,45,359000,Fwd,2,0,0,,,,,,,,,,,,,,,,,,,,,,,,,,
653,William McCabe,20,0,0,230000,Def,0,0,0,,,,,,,,,,,,,,,,,,,,,,,,,,
225,Xavier Duursma,25,79.3,79.3,826000,Mid,21,0,0,,,,,,,,,,,,,,,,,,,,,,,,,,
213,Xavier Lindsay,19,52.4,52.4,550000,Mid,18,0,0,,,,,,,,,,,,,,,,,,,,,,,,,,
438,Xavier O'Halloran,25,57.5,57.5,603000,Mid,22,0,0,,,,,,,,,,,,,,,,,,,,,,,,,,
681,Xavier Taylor,19,0,0,310000,Def,0,0,0,,,,,,,,,,,,,,,,,,,,,,,,,,
877,Xavier Walsh,20,0,0,230000,Fwd,0,0,0,,,,,,,,,,,,,,,,,,,,,,,,,,
51,Zac Bailey,26,83.5,83.5,876000,Fwd,22,0,0,,,,,,,,,,,,,,,,,,,,,,,,,,
742,Zac Banch,23,31.5,31.5,271000,Fwd,4,0,0,,,,,,,,,,,,,,,,,,,,,,,,,,
449,Zac Fisher,27,42.3,42.3,787000,Fwd,7,0,0,,,,,,,,,,,,,,,,,,,,,,,,,,
195,Zac McCarthy,18,0,0,230000,Fwd,0,0,0,,,,,,,,,,,,,,,,,,,,,,,,,,
571,Zac Taylor,23,40.9,40.9,429000,Fwd,15,0,0,,,,,,,,,,,,,,,,,,,,,,,,,,
700,Zac Walker,19,0,0,230000,Def,0,0,0,,,,,,,,,,,,,,,,,,,,,,,,,,
266,Zac Williams,31,61.3,61.3,643000,Fwd,19,0,0,,,,,,,,,,,,,,,,,,,,,,,,,,
221,Zach Guthrie,27,76.7,76.7,805000,Def,23,0,0,,,,,,,,,,,,,,,,,,,,,,,,,,
17,Zach Merrett,30,103.4,103.4,1078000,Mid,21,0,0,,,,,,,,,,,,,,,,,,,,,,,,,,
226,Zach Reid,23,75.4,75.4,791000,Def,10,0,0,,,,,,,,,,,,,,,,,,,,,,,,,,
10,Zak Butters,25,99.9,99.9,1047000,Mid,20,0,0,,,,,,,,,,,,,,,,,,,,,,,,,,
664,Zak Evans,25,0,0,230000,Mid,0,0,0,,,,,,,,,,,,,,,,,,,,,,,,,,
469,Zak Johnson,19,50.4,50.4,513000,Def,9,0,0,,,,,,,,,,,,,,,,,,,,,,,,,,
712,Zane Duursma,20,31,31,325000,Fwd,10,0,0,,,,,,,,,,,,,,,,,,,,,,,,,,
627,Zane Peucker,18,0,0,230000,Fwd,0,0,0,,,,,,,,,,,,,,,,,,,,,,,,,,
243,Zane Zakostelsky,20,0,0,230000,Def,0,0,0,,,,,,,,,,,,,,,,,,,,,,,,,,
149,Zeke Uwland,18,0,0,346000,Def,0,0,0,,,,,,,,,,,,,,,,,,,,,,,,,,